ID,user_id,item_id
12,12,"9668,10608,1634,6515,10241,5470,10138,5303,4277,3950"
14,14,"4946,12668,5303,7707,5819,589,4323,7637,2140,6591"
17,17,"7763,4861,3816,6815,33,9964,11367,4256,5940,8540"
21,21,"1996,2191,11159,6326,4025,2411,1817,9449,652,7039"
44,44,"4036,2709,8475,4940,10674,3720,11981,12776,4511,4216"
55,55,"10608,13296,4277,1776,10916,2218,3870,13346,10326,10138"
56,56,"4798,8922,8235,89,2990,12665,11622,6971,2199,10651"
58,58,"10138,2140,12875,11009,12476,6326,6926,8520,7833,2670"
59,59,"4413,5819,9455,9880,10608,845,10340,359,5545,1478"
79,79,"10916,7707,11422,8681,10138,331,9937,6326,13150,12793"
81,81,"11903,11532,10102,13370,8794,10607,275,12858,8635,5896"
85,85,"12680,8053,1210,3870,7723,10340,11384,5303,8413,2411"
92,92,"13309,11540,3697,11024,5545,10663,3539,6243,1400,2989"
97,97,"11784,4602,5545,13381,1572,454,11403,12606,7024,13191"
100,100,"11282,13346,1634,10916,8161,1912,6326,11540,2199,2140"
112,112,"11843,7707,5610,6166,220,10340,11540,9937,6220,5495"
122,122,"837,10916,2140,7138,9602,12758,9730,1407,4845,5214"
133,133,"3909,2343,5760,5573,6529,10441,10078,449,6082,5105"
141,141,"2339,5149,3467,1244,10777,8710,6283,8607,10429,11615"
144,144,"9295,2969,5135,1223,11282,3697,10326,8608,976,296"
149,149,"10674,2885,4216,7047,7679,3539,247,1558,2957,1290"
153,153,"220,331,12026,12857,10608,3950,8053,8421,13296,3515"
166,166,"8235,5760,4935,2034,10441,7325,1101,587,6528,9375"
220,220,"6220,5502,4798,6326,773,3055,5545,10916,10340,7707"
231,231,"2822,4199,8575,6509,13346,6104,7964,1323,5199,8516"
262,262,"13346,6326,7817,12857,9668,10792,5810,7707,1977,1244"
274,274,"12331,6220,4924,6971,7983,3055,220,1996,2837,6962"
277,277,"4576,6962,5199,4036,4430,9684,7024,4602,10537,1220"
281,281,"5142,3539,6576,4111,11532,11775,4664,290,83,10389"
291,291,"7707,11540,217,1776,2169,1996,11384,8161,2158,89"
300,300,"9600,1598,5418,12331,6220,13002,773,5502,9410,10063"
310,310,"6326,11384,1598,13346,9668,7063,220,544,9072,12156"
332,332,"11384,9668,8562,11282,1180,1724,10326,8575,9733,9762"
344,344,"5485,3295,4101,10326,3770,8421,4860,1776,7707,811"
359,359,"3737,1290,7120,10000,11117,4111,7590,6081,4576,10217"
380,380,"4117,9942,10835,13058,89,8922,4053,3799,7983,13324"
386,386,"3950,8421,6220,6141,717,1180,8575,949,4277,773"
426,426,"89,9942,931,11784,2218,11969,3055,3950,2990,11540"
436,436,"1763,1996,8421,9257,9515,11010,8794,851,2007,2169"
453,453,"6064,11846,4912,10464,4451,3428,1576,9962,1156,3539"
461,461,"3697,9684,13309,4664,9960,2372,10607,11532,13370,2985"
464,464,"4430,2140,2518,7707,2169,4679,2291,3088,9306,3089"
473,473,"7047,7220,11558,162,13346,5545,7681,10336,6166,9177"
481,481,"9234,10916,1299,7197,11969,10063,10027,1180,10326,4428"
490,490,"275,1180,1634,12990,5303,1978,5545,12857,393,350"
494,494,"115,13191,9226,5524,13381,5761,3909,8274,7087,5329"
497,497,"2957,1558,1290,4216,1851,3722,6960,11532,10674,4688"
510,510,"2343,4685,1017,8454,4460,13381,3838,773,2494,7717"
511,511,"6515,1180,1634,3055,4798,5532,13296,2169,4974,11384"
512,512,"12497,5532,4576,9962,4664,13309,544,1977,3539,9072"
524,524,"4111,11143,1244,9960,11532,1779,2988,2969,10840,3570"
525,525,"10063,4323,3781,9234,931,1598,5303,9729,9115,5485"
545,545,"1223,4974,1912,1634,10027,2140,3390,2169,1180,5549"
560,560,"9234,10916,1180,10027,1017,1299,10063,10326,3781,7197"
564,564,"331,9942,1978,5142,4387,296,6795,10326,769,5532"
566,566,"8235,2343,1634,11384,13346,11540,89,13257,976,10977"
568,568,"4413,9072,9580,560,5866,1598,6638,7138,4277,2158"
570,570,"10537,1978,1634,6326,2990,9799,6500,2218,7792,12990"
573,573,"1978,11384,11540,9942,11969,10608,10916,2411,717,1776"
594,594,"10356,6967,7583,6012,10189,89,6137,12467,7938,9579"
601,601,"3055,2990,12309,4322,1912,1220,9937,4117,11384,11000"
605,605,"2905,4117,4053,12611,3035,5999,785,11712,5199,6166"
641,641,"1862,457,64,13397,2218,8607,12368,5325,9942,12606"
650,650,"1763,8441,13214,13257,8421,63,5386,3295,10122,10776"
675,675,"2990,438,8091,5819,9799,298,646,8922,8699,5761"
677,677,"1290,11569,5573,12030,10663,13309,9684,1400,9962,2988"
679,679,"773,13296,7487,7707,11384,717,5545,13150,8421,8707"
683,683,"5610,12665,12680,3950,13346,3870,8421,643,10340,9942"
687,687,"1598,8625,4664,10063,2440,5303,10326,2218,8031,2004"
705,705,"7063,275,12026,4216,4320,11532,4929,11938,3539,12995"
708,708,"2969,7120,1290,2916,3697,12497,10663,10607,4036,4777"
712,712,"3055,6220,11540,5545,9942,13346,12665,5199,5532,1598"
715,715,"4798,9317,560,5610,9072,3950,10097,4322,2172,4066"
728,728,"4028,1779,4890,7063,811,10674,7120,4111,10608,12858"
743,743,"10835,6638,4117,12665,10326,3950,2537,2343,5999,5532"
753,753,"10608,11540,3870,220,953,8703,3597,1473,4576,1478"
757,757,"8421,10027,4908,13257,2199,4453,3781,10063,9942,12029"
768,768,"5199,11622,220,6982,12793,1598,9942,10340,7705,11540"
797,797,"2343,6834,5866,2537,6220,8608,3909,5179,9942,10537"
813,813,"7637,8703,9799,2020,10532,10963,1146,5272,6554,5135"
832,832,"4430,1287,2916,3697,2885,2969,11486,5135,10663,11117"
833,833,"5545,3870,9365,11403,13296,12606,7707,2140,1978,2822"
844,844,"11483,12606,6068,2140,5532,10326,8244,11151,5471,11459"
858,858,"12990,6220,10326,8475,11969,1923,2969,89,9962,4216"
874,874,"6610,11532,4155,8714,5722,6576,208,1244,11775,5535"
875,875,"12470,5199,3545,12668,3428,9942,9877,12099,1037,3871"
892,892,"4698,7707,2199,9937,8981,7637,3870,8562,3088,10241"
897,897,"2789,3950,2990,2567,89,7707,296,4947,3055,3317"
912,912,"5199,10916,3539,9072,220,1328,5532,1220,4798,2218"
924,924,"3870,13346,12606,12242,1978,13110,10607,10674,5485,2218"
926,926,"13296,7637,5199,10241,9668,1220,5149,2885,1136,9557"
933,933,"37,9257,10894,5025,12404,9751,12130,11939,4843,6388"
944,944,"8562,10326,5545,5669,11540,2218,3870,1478,7994,3499"
951,951,"1210,5545,1220,8922,12331,12793,9555,7707,1290,11751"
974,974,"1590,5303,12787,1008,12015,8354,10315,12680,8602,3268"
1010,1010,"5747,12540,5386,383,5142,12369,9306,12871,6591,448"
1013,1013,"7024,7289,13191,8922,1571,7983,6089,10835,3055,6971"
1016,1016,"3870,3055,9942,4430,11403,4101,7578,11540,2218,8590"
1023,1023,"8090,12030,8859,1290,10663,13309,12497,9646,4698,2664"
1035,1035,"11117,1244,6811,12857,5142,9962,10674,5610,6243,6576"
1046,1046,"9668,11282,1299,10916,9295,4698,7707,13296,8590,7063"
1051,1051,"11615,4698,3122,8590,10241,7637,6218,589,5342,7120"
1057,1057,"3055,1776,11843,7138,1912,10916,4315,1180,12030,11384"
1064,1064,"2885,9580,8567,12030,9668,8590,13101,5549,3697,1634"
1080,1080,"9580,12026,12104,10434,9998,9937,10566,8575,4740,11836"
1089,1089,"11969,1180,3781,9942,350,7707,9234,1598,2411,5160"
1090,1090,"7138,4947,4322,1400,1220,1180,3549,12680,1210,11540"
1103,1103,"8161,11540,10916,1996,10138,1978,4315,4277,6982,8922"
1123,1123,"2885,6971,1977,12026,12495,9646,8274,10581,5142,8593"
1134,1134,"851,8421,1634,6326,8922,12990,10340,11540,13346,4025"
1136,1136,"5495,9459,5375,4229,1598,12253,4068,1234,10423,12606"
1139,1139,"9942,9795,5545,7706,9867,6283,414,5199,1286,5482"
1154,1154,"4664,13110,4861,3799,9557,11969,4068,13306,11024,3428"
1169,1169,"1779,7024,6220,5570,7138,9684,1132,1334,4958,11982"
1173,1173,"2789,5386,2567,4101,12990,1856,8681,769,2303,2218"
1178,1178,"5199,89,11843,12990,11540,12026,2158,12606,3055,11384"
1190,1190,"5199,1100,8413,773,6220,13296,12990,2343,8562,10326"
1205,1205,"9799,646,4413,5545,2789,5532,2140,5549,7723,4053"
1217,1217,"11024,11298,4664,4111,3539,11532,1750,11775,12615,5142"
1218,1218,"5532,3909,8608,4111,2339,3055,13296,2218,4576,2303"
1230,1230,"8607,64,3317,2218,8562,13381,11289,6719,7303,2343"
1250,1250,"1634,8161,11282,11384,6971,9880,331,9072,2199,13249"
1252,1252,"5199,4315,5532,4117,5610,220,5999,11289,3055,8922"
1276,1276,"4117,10835,4053,11357,9942,4266,5199,2218,5532,10063"
1279,1279,"10068,8302,5142,9671,1977,9866,8567,5135,2784,10336"
1281,1281,"1978,8421,9580,9072,12990,10916,12857,851,2169,5025"
1288,1288,"7707,3950,13346,12404,6388,6270,12793,4277,13028,275"
1305,1305,"3570,10389,4664,4216,1851,208,10674,11532,2957,12995"
1320,1320,"7524,2218,820,12606,9229,4798,11288,10608,6433,3055"
1321,1321,"11483,4117,2140,6068,12857,6326,13296,3545,5532,5545"
1328,1328,"13296,7637,6166,8703,9580,9942,12663,5303,3870,7707"
1343,1343,"10138,2140,11009,12476,9380,7833,4974,851,1634,12875"
1345,1345,"2343,10916,11629,1180,8759,837,2140,11288,13409,11384"
1374,1374,"4216,9732,1851,4163,9960,10674,11938,12615,3570,11532"
1410,1410,"3870,8567,11024,4664,5573,8026,4277,10138,7063,13346"
1414,1414,"5610,12990,8161,12648,2291,4413,7325,4935,851,4256"
1420,1420,"9937,6529,4698,7637,5149,7745,5532,8703,7578,12788"
1440,1440,"7637,5485,8562,12606,13309,9937,3870,9295,3088,10429"
1441,1441,"11384,6220,9942,12665,12606,5199,10429,6902,11024,89"
1443,1443,"8681,7983,12899,2916,3577,4861,11272,9942,115,4036"
1458,1458,"10674,1290,12615,11532,4163,1558,8810,3570,11775,4890"
1492,1492,"1724,9450,10063,12956,177,1598,7138,11969,3870,1478"
1496,1496,"8043,5303,7578,5214,3112,2169,6971,9799,4162,1821"
1499,1499,"10322,4277,12470,9306,5495,3055,8235,544,13214,11288"
1504,1504,"6610,10840,1244,11532,10389,10674,4664,6576,4890,3998"
1516,1516,"5610,6638,4664,11282,10594,2140,10835,11771,11533,12621"
1523,1523,"9580,7439,4244,9886,5875,8413,10835,8452,11042,10262"
1534,1534,"7220,786,13426,162,10919,10674,5504,173,10009,2769"
1539,1539,"11024,4576,2140,4664,3539,3570,11532,247,10607,7679"
1559,1559,"11024,10389,4664,8475,1400,3427,10137,5135,11775,9960"
1572,1572,"6326,5135,2218,2158,89,13249,11540,11843,9962,723"
1573,1573,"331,851,8421,12779,9234,9580,1180,6515,1912,8161"
1601,1601,"9668,12665,8053,2530,544,1220,9942,9229,13346,9295"
1603,1603,"5610,1180,9072,11843,4798,3870,1776,8562,11000,4679"
1604,1604,"1978,9072,7707,3870,12857,544,10242,9880,10027,11843"
1613,1613,"4664,10674,2773,2989,10137,10389,11532,4576,2969,11775"
1634,1634,"275,1210,4664,811,7138,350,4322,13346,4277,13306"
1642,1642,"2140,13306,8562,7802,3950,393,13249,3744,1082,3428"
1643,1643,"4387,3737,10147,5573,7856,5135,10217,1132,10202,11117"
1654,1654,"7120,6465,6591,5386,1244,7792,789,290,10835,9942"
1657,1657,"4664,11024,1851,11775,4576,1779,12995,11298,12615,4036"
1674,1674,"8608,5199,7707,5545,10326,9942,6064,3909,13110,5866"
1702,1702,"1598,5545,9901,6146,5524,2218,7707,3428,9729,3565"
1719,1719,"6815,3950,3816,7763,6011,4256,5940,12338,10941,11298"
1725,1725,"10138,11282,1978,10916,6638,10608,4798,13249,12857,5485"
1726,1726,"5573,13101,12030,8562,9306,11282,6971,12026,1977,1290"
1728,1728,"7063,1210,5199,10063,2905,12793,3774,4351,2903,12665"
1735,1735,"8235,7024,3055,8922,7578,89,11403,13191,5875,12026"
1739,1739,"7120,1290,789,10663,2885,8859,1244,11117,1977,4958"
1774,1774,"13026,13249,532,8421,10326,9942,1323,11010,5545,2218"
1780,1780,"10840,1244,6610,3998,11918,640,10389,1090,8254,8635"
1799,1799,"9799,2905,3035,11540,9504,2199,3055,8421,5610,12611"
1813,1813,"1912,7120,13114,4068,4199,10326,607,4974,5913,8421"
1834,1834,"1912,220,2199,3055,11540,11282,12857,1017,6326,11622"
1835,1835,"8562,5760,4935,7325,10078,6269,11757,4159,8911,449"
1841,1841,"8475,11532,4216,1244,4664,9102,3697,3570,6576,1200"
1863,1863,"5545,2905,6638,3950,5199,1978,12990,12793,5485,9641"
1878,1878,"9942,4413,11622,13150,5545,12665,2380,6982,4101,6326"
1879,1879,"2343,6834,5199,6971,2537,6220,10537,5866,2199,2571"
1910,1910,"10530,5135,11243,6243,5142,12474,10663,3697,8650,4625"
1911,1911,"6515,13346,5199,1996,2380,10608,851,220,414,5303"
1919,1919,"13346,5545,10340,3870,9942,6166,10835,8590,5485,2218"
1925,1925,"2957,4163,1558,4216,1851,83,10674,6960,8650,3722"
1926,1926,"10607,3697,296,9962,4664,13101,10674,3570,11532,4036"
1931,1931,"11757,6613,5760,7127,7982,9375,10729,8356,11337,4560"
1940,1940,"8413,1912,9668,9886,3950,13026,8794,4679,11282,9229"
1968,1968,"12990,4993,1978,13296,4974,9072,1180,3430,2506,350"
1981,1981,"10238,5303,11384,8421,10326,5610,9547,2199,4664,9404"
1992,1992,"1244,4216,12088,3539,1290,10674,4576,4163,7120,5849"
1998,1998,"11024,3539,2885,1210,789,5545,6811,1779,10674,4664"
2000,2000,"12615,12995,11532,4216,10674,12776,3954,2709,2957,4576"
2017,2017,"2506,3950,5476,7138,2218,1180,11288,4679,11406,12404"
2036,2036,"89,11289,8235,5199,13381,5532,5875,5524,4036,12606"
2044,2044,"13296,2905,1776,10916,6781,8562,1779,11384,12085,11000"
2047,2047,"10389,5135,3539,9960,4036,10607,789,9962,9185,1779"
2052,2052,"5545,3138,12026,931,7707,11638,9439,12249,9553,11403"
2055,2055,"5495,10322,3545,12668,4277,5545,12099,9093,1598,8922"
2069,2069,"10835,6166,9937,4698,12665,9072,9942,12404,3909,13346"
2075,2075,"1210,3870,4117,11540,9072,2905,10835,9942,4277,8562"
2089,2089,"8421,5485,10138,275,851,4679,12026,1996,5545,10594"
2093,2093,"11540,1912,5532,13346,12793,10916,6270,12990,11282,3055"
2127,2127,"9306,5610,10340,491,8413,6220,220,4798,12871,9602"
2135,2135,"5199,8608,4388,9942,5422,2537,6084,3909,1273,2220"
2137,2137,"12253,3537,11298,3539,1767,3697,10607,1244,1750,11171"
2141,2141,"5545,13296,13309,1978,12606,6166,2380,9570,13346,3950"
2147,2147,"4036,10674,2839,4111,3772,11969,7553,11775,9185,4664"
2150,2150,"12857,4322,1180,9234,10608,9340,2218,4664,10326,12665"
2153,2153,"1662,9842,7558,5654,5549,11384,9880,8161,6899,8792"
2158,2158,"11775,11024,4664,3539,12903,10674,1851,1779,11298,9960"
2178,2178,"10322,4315,7578,9942,5999,12680,12665,646,8562,9229"
2180,2180,"9072,6082,8562,10078,1598,6659,12029,4256,11384,13346"
2181,2181,"11384,2989,9962,6220,4036,8703,12990,10336,4277,13296"
2193,2193,"2567,7723,2789,861,9890,1700,560,7983,9729,3055"
2216,2216,"7707,6326,8161,11540,1210,10138,10916,4414,1796,9455"
2224,2224,"9306,7063,8562,10326,5025,5545,9257,7578,8413,5199"
2231,2231,"89,5199,6962,11298,3539,1220,5866,6638,6812,13249"
2242,2242,"5610,6638,5495,89,6166,4277,11282,10835,560,12793"
2243,2243,"4117,5199,2380,12990,4053,1180,3055,1634,13058,5999"
2247,2247,"3799,4664,12793,3870,2885,7867,4388,4266,11384,89"
2262,2262,"11024,4664,10607,3697,1779,10389,10674,10840,11298,6610"
2271,2271,"4947,13211,811,1180,10916,11495,10326,331,1407,3428"
2284,2284,"2789,2567,6220,5524,2158,13346,2411,2343,5199,3992"
2287,2287,"3055,8562,2140,9306,9668,2380,10326,8922,13192,6772"
2291,2291,"10124,717,10340,4798,220,7138,810,976,811,9880"
2293,2293,"5135,4664,4101,3055,1400,8126,9072,4111,8421,9340"
2294,2294,"9485,11384,8485,2199,5303,851,10063,2905,1598,2990"
2301,2301,"7063,4322,12404,1180,9771,773,1223,12203,6962,9229"
2310,2310,"3870,12606,6220,4664,11540,7120,5199,4250,652,64"
2341,2341,"4798,7138,1912,1180,8922,12857,9880,3055,11939,10039"
2345,2345,"789,4576,10389,4664,1244,10674,1851,12903,83,4163"
2348,2348,"9295,4111,296,10674,10389,11775,4664,2969,6610,10607"
2349,2349,"4117,785,4053,2571,10916,1996,3770,943,4694,1290"
2350,2350,"10674,3781,2004,4277,5303,12990,12053,811,797,9004"
2355,2355,"9580,2199,10916,851,12990,1912,1776,4277,6326,10326"
2383,2383,"12680,7578,13346,2990,12665,1598,12857,4277,12026,1220"
2393,2393,"11403,9306,5545,2343,9771,7578,3870,13214,2291,7063"
2399,2399,"7120,1977,12497,2916,5142,12030,3737,11824,10963,12474"
2421,2421,"2343,2199,220,4974,8846,1497,3428,3055,1220,2537"
2435,2435,"8235,2343,9580,89,10326,7024,13346,11403,13249,2712"
2448,2448,"8703,9668,9942,5495,13346,12665,5524,8562,914,12680"
2452,2452,"12030,10663,1220,11282,9799,1977,4163,8922,3697,5532"
2464,2464,"10027,1478,393,12831,4277,2199,5761,9459,2218,10589"
2470,2470,"1210,4277,10326,3055,12857,10078,2380,5760,10138,8562"
2478,2478,"9799,6971,6750,5303,1571,1746,4475,129,6515,13191"
2506,2506,"12793,11540,89,5610,6220,1244,10340,12680,5545,2905"
2523,2523,"8235,5524,89,3016,5875,220,6529,1600,6678,2927"
2527,2527,"10322,8567,1400,13101,2885,5573,4777,12497,10663,12474"
2528,2528,"10138,11540,2905,7707,6638,2140,3055,10594,10608,11843"
2530,2530,"13296,5485,220,10835,7578,13346,6515,13110,11384,9580"
2533,2533,"2199,4576,12787,5022,11288,8413,9449,9962,4199,13346"
2540,2540,"10340,11622,4572,8562,6962,6326,13257,2990,851,2199"
2558,2558,"7723,5545,9229,11784,3950,9942,2567,9454,12331,2990"
2559,2559,"9942,12665,11843,5199,7707,1244,9733,11540,9799,3515"
2592,2592,"13346,10835,6638,12680,121,7707,6326,11969,5495,3055"
2599,2599,"6515,560,1634,10608,275,5485,8161,3950,4277,12990"
2608,2608,"296,13296,7707,9942,1598,5495,3428,8235,4266,9356"
2613,2613,"11117,11024,4664,11298,3539,10389,11532,8635,13370,10674"
2616,2616,"6166,11540,8413,7637,12793,13346,5819,1776,4413,89"
2617,2617,"7637,275,2020,589,12663,5149,7707,2303,6220,2058"
2619,2619,"861,7983,2789,931,5199,2567,5545,560,7707,9890"
2622,2622,"11775,9405,9962,6811,11117,8302,12635,6137,12030,11403"
2629,2629,"10607,6610,4576,11024,4664,13309,9295,3697,10389,10581"
2648,2648,"11532,1779,5142,1290,6971,10063,2969,4664,10963,4036"
2654,2654,"2896,9744,9108,8956,9956,5654,4240,5485,13296,2822"
2668,2668,"7637,5485,12606,13309,11103,7707,8302,5149,2339,13296"
2703,2703,"4576,4117,13058,12190,4266,9942,13324,2905,3770,4264"
2710,2710,"9072,1776,2158,2380,7138,10916,13249,13346,11969,2140"
2713,2713,"12353,5303,5199,6971,4351,2910,7707,5545,11931,11289"
2722,2722,"4111,2969,2885,1977,296,10581,5142,13309,3697,1244"
2724,2724,"1290,13309,1132,8567,3697,5135,12497,10663,7120,9962"
2727,2727,"9668,275,2380,4413,12680,13346,10916,7578,12665,13296"
2755,2755,"11532,3570,11903,1851,3722,10194,11938,2957,10674,1558"
2769,2769,"7707,11422,1776,4277,7138,8681,275,13296,6166,2218"
2776,2776,"11357,4117,13346,5549,4266,9880,1978,10124,6260,2140"
2781,2781,"5142,1290,7120,12030,8567,3697,5810,10336,1132,296"
2782,2782,"4036,1290,7856,5535,9102,11298,4111,9348,7590,12615"
2789,2789,"2199,6638,8505,5199,11540,5524,2218,4602,4664,1007"
2794,2794,"8590,6166,5356,12193,9733,1978,89,1220,6515,6260"
2804,2804,"5545,11403,11540,5199,5485,8922,3950,7707,12665,12606"
2819,2819,"1598,6220,8608,9729,5199,13110,7707,13346,4101,12857"
2846,2846,"8703,9937,12606,8235,6892,5608,1478,131,12321,13296"
2851,2851,"8590,1851,4664,10674,9942,2989,11532,3697,4036,2140"
2861,2861,"851,9072,3950,6638,2199,10835,7707,10916,4117,12143"
2862,2862,"12665,13296,3697,7578,4576,2343,7707,11024,7120,9942"
2867,2867,"1912,1634,350,13026,5485,13346,3770,2158,6166,5731"
2873,2873,"8922,2343,1634,646,1244,8567,3950,11298,7637,8703"
2880,2880,"717,1598,10916,4186,992,1331,296,4329,7900,13296"
2881,2881,"12857,13058,331,11540,10916,1223,10138,5199,2199,2140"
2886,2886,"9880,6326,2916,12665,1210,9234,4028,1978,10916,4277"
2891,2891,"10835,1978,12404,11540,3909,4388,2343,220,4117,12665"
2908,2908,"10607,4111,1779,4576,10840,7120,3570,11775,4664,8607"
2910,2910,"7637,5549,1978,6638,2885,6971,6166,4250,2020,6515"
2915,2915,"7707,1978,3950,3428,9942,13110,10973,64,8681,11784"
2935,2935,"9937,5199,1598,10608,12665,3766,7138,5532,220,9668"
2946,2946,"2988,1244,11471,7817,4111,5135,2969,4163,3539,9364"
2948,2948,"4576,10607,10674,2969,4036,7707,11024,3870,12995,3720"
2969,2969,"11540,10835,3870,10340,2218,1912,4798,2199,9942,8161"
2979,2979,"10607,11298,11024,1851,10389,83,789,6610,11775,4036"
3036,3036,"7220,1244,10674,1755,7856,4664,7553,363,12022,2769"
3050,3050,"5025,717,9455,851,6433,2012,829,11403,1328,1210"
3056,3056,"7763,9201,3816,4256,11367,4277,10201,12779,4947,33"
3061,3061,"8421,8575,4947,5303,851,4277,9234,11282,8413,3071"
3066,3066,"1978,6547,9375,8257,12672,10707,11538,12226,7982,5760"
3069,3069,"4974,350,331,66,4575,10916,2506,11742,2140,4277"
3094,3094,"5386,10326,4277,12990,11590,275,2631,2140,8043,9072"
3106,3106,"331,4277,12606,9942,1598,1978,7138,5545,1220,8188"
3110,3110,"296,8302,836,5398,6962,6084,9937,1598,2784,10462"
3115,3115,"4053,6326,1225,11871,2140,8421,2822,10326,3055,11784"
3136,3136,"10607,9185,12903,1779,10674,10063,75,2199,789,6576"
3159,3159,"5545,7547,5610,3945,8562,9942,9969,4608,11540,6971"
3166,3166,"5495,3545,8922,4277,13346,12668,9093,544,3055,13306"
3172,3172,"9405,1220,2343,9229,4664,11403,11775,11117,10674,9730"
3200,3200,"9072,1776,7138,2140,8161,13346,4798,4664,13150,220"
3217,3217,"11540,6638,560,13346,1978,10326,1220,5025,2990,12680"
3218,3218,"4664,1220,2158,4101,10607,4036,12680,1598,11289,9393"
3229,3229,"7138,7578,13346,1210,5025,1776,11282,8161,2169,12793"
3230,3230,"4664,5485,4111,9684,10674,10581,9960,12995,789,11024"
3274,3274,"7063,2169,220,4798,7715,7439,4322,12476,4904,1912"
3285,3285,"5303,275,331,1180,10326,1634,2199,12875,8562,6220"
3316,3316,"13249,3992,2411,2990,4090,6220,13381,12857,11540,11403"
3319,3319,"11506,3055,10608,9580,5214,4798,6971,11843,9234,3340"
3323,3323,"10589,1180,1249,12990,4323,7998,2990,5303,10027,7761"
3346,3346,"8284,296,10457,4111,4216,12681,3539,452,11255,579"
3354,3354,"1244,3870,11969,13346,11540,6960,9072,1851,4216,3737"
3368,3368,"5199,220,11282,1978,9072,10916,2380,12857,3766,1912"
3374,3374,"9901,1598,6146,5545,13296,4678,457,10017,5199,5555"
3391,3391,"12404,2169,4679,350,5545,1180,12793,2158,12857,4322"
3397,3397,"8235,89,6962,11540,3055,8562,275,2218,8922,4413"
3404,3404,"7637,10916,7707,9942,12990,8703,5149,275,4924,5545"
3408,3408,"7998,8922,5610,5303,4798,6270,11403,4323,220,2265"
3416,3416,"3909,5532,8608,6529,6971,4388,2343,7964,8354,5866"
3422,3422,"7637,5485,2158,10138,1912,13296,4430,10241,11024,7723"
3423,3423,"7707,544,3870,11403,9942,5199,8562,5485,861,10326"
3426,3426,"7707,11175,7983,2303,12606,2990,3590,5303,3546,1142"
3436,3436,"13191,12665,1244,7706,2303,12606,11403,131,5199,9570"
3448,3448,"9072,9234,13120,3437,2058,12404,2218,646,2671,7138"
3464,3464,"7983,12606,11403,5485,2990,5839,3066,5524,2145,2910"
3472,3472,"3737,3539,6084,2903,1244,3088,4576,4036,3998,11643"
3477,3477,"1220,1142,12944,8699,12606,13296,5303,8421,5545,1598"
3488,3488,"6770,13110,12768,6220,50,4392,2789,2305,7983,5038"
3497,3497,"9229,10916,13346,560,12665,8235,12680,12857,7578,4414"
3504,3504,"7637,8703,5149,5135,2020,3467,1027,10802,10326,12704"
3517,3517,"11368,11540,1180,3950,5476,10138,9602,10340,2882,3577"
3538,3538,"5495,3545,8922,4277,12668,1037,544,1478,2928,4974"
3544,3544,"89,2199,11540,4602,2905,3799,1788,11282,2411,3577"
3547,3547,"8421,331,2695,7707,1219,10050,5760,4641,8356,9072"
3569,3569,"5532,9328,1180,10916,10063,12180,5386,2291,976,157"
3570,3570,"350,2158,1328,1625,12779,3770,2905,6071,3816,6815"
3575,3575,"7063,331,10326,2789,5485,1180,6418,8421,6220,5303"
3579,3579,"717,5025,9455,6433,851,1776,13296,1180,8230,10869"
3588,3588,"4698,7757,8473,12474,8256,11103,7707,12606,4516,7623"
3592,3592,"7707,3950,89,4576,5545,2916,11540,6971,11024,5485"
3617,3617,"851,10138,1912,1996,11384,11357,5025,454,785,9942"
3632,3632,"8235,9942,12008,12026,13314,3799,7723,10326,8413,3055"
3650,3650,"13214,5946,10326,11117,8922,4798,11609,1746,1863,1598"
3654,3654,"4322,9340,1220,4664,9341,8188,12793,5485,811,13026"
3656,3656,"4947,6395,5549,4101,5124,7707,1957,2199,11396,10532"
3678,3678,"5209,8302,3428,11540,12857,13211,6220,1634,9449,4413"
3681,3681,"7763,8540,10729,3816,11757,4560,6815,6640,6110,6011"
3683,3683,"5532,10916,8590,1598,6326,8562,10039,5199,6220,6418"
3685,3685,"1598,11455,10326,773,2411,12768,6632,12793,3430,7462"
3699,3699,"5760,3464,2769,162,7047,10674,11775,7120,7220,13426"
3707,3707,"275,3950,4576,8590,11795,1400,8413,8922,7637,11622"
3731,3731,"1290,1977,2916,5142,12497,12711,1400,1750,13370,2885"
3737,3737,"11540,1978,12026,2158,5025,2905,560,6326,1912,12156"
3739,3739,"8681,115,9867,4861,4016,7899,10608,7983,7707,4199"
3744,3744,"5545,8235,9942,5532,820,3055,9744,7172,7024,89"
3753,3753,"9799,8274,9196,5199,2567,7024,12663,12026,12606,4322"
3778,3778,"11540,10677,5545,1299,5532,5303,12793,7986,5999,2218"
3786,3786,"2789,9009,12531,1378,2337,5476,4053,13395,5124,855"
3790,3790,"10869,2587,13381,12606,3056,4924,8607,13346,13249,4602"
3804,3804,"717,851,9455,5025,10869,12990,829,1210,11403,5303"
3805,3805,"3950,8922,7578,2789,3870,8413,10916,5485,4117,3340"
3819,3819,"2218,3950,7983,10491,12606,10594,600,8293,11540,2641"
3827,3827,"5760,5105,10078,10441,2732,1101,8227,10442,247,6082"
3829,3829,"12857,10322,10340,2169,1912,4322,13346,4315,7487,11384"
3841,3841,"6433,11540,5025,2140,3055,5303,10547,9761,9849,5199"
3849,3849,"10674,3737,10147,1851,4688,6811,3539,10963,4664,11532"
3928,3928,"4664,4111,6610,13309,5142,4036,1779,4576,10464,296"
3988,3988,"4163,2957,4216,1558,12665,8650,10674,11024,3539,9732"
3994,3994,"1244,10644,1554,9962,2916,4664,5135,9866,4613,296"
3998,3998,"11540,13346,275,1598,1478,4277,2990,1210,3870,3428"
4012,4012,"2199,11784,10138,11622,10916,8413,11540,6638,10340,10594"
4021,4021,"8608,5199,4388,11282,5422,10063,5999,9733,12857,6971"
4022,4022,"4277,5025,2343,1478,2814,3950,10063,8562,7558,11969"
4047,4047,"2020,2411,8922,9942,4413,4323,5700,9184,4118,1783"
4073,4073,"1290,2969,1244,1977,2916,11532,12497,3989,2885,296"
4099,4099,"1110,12229,11706,10459,11289,8092,11406,12432,7027,8949"
4100,4100,"1286,11540,5375,5199,5303,4413,6971,5634,7966,2199"
4120,4120,"12470,5199,3545,12668,7024,9877,2303,3871,3428,5422"
4126,4126,"6576,4576,1290,7120,10607,13309,8254,10663,6610,5142"
4136,4136,"6529,3909,9937,9799,5549,3055,12665,9880,1634,2990"
4160,4160,"2957,4163,1558,1851,4216,3722,8810,6960,4664,83"
4173,4173,"10607,4576,9962,10648,13309,1244,10389,4664,10674,544"
4177,4177,"296,4036,1996,4664,3697,12903,4216,7306,8810,4111"
4183,4183,"10326,4277,11384,10916,7707,1180,11282,1978,5303,7392"
4191,4191,"4387,10336,10322,5573,2916,12474,5549,9942,10663,4083"
4195,4195,"8510,10869,2031,12404,13110,9404,5109,4974,1180,10081"
4213,4213,"4664,813,11775,1779,1290,4036,11532,296,9942,3799"
4226,4226,"1180,1978,851,12026,12404,4576,350,10063,2158,13249"
4227,4227,"1977,9295,275,13101,12665,7120,2885,10607,9962,10674"
4232,4232,"11540,2990,3055,851,13346,1249,6270,1180,5545,7998"
4255,4255,"13346,6243,1180,11843,2990,8161,11384,9410,1478,11622"
4258,4258,"544,5816,5524,11024,12995,5178,2064,1290,10336,12348"
4274,4274,"2169,1220,8421,9340,9668,851,1180,12787,4974,11540"
4289,4289,"8302,13296,89,11117,4576,13309,7707,9962,12990,10607"
4295,4295,"7707,4413,4256,12029,13249,4861,5199,7983,11297,5105"
4300,4300,"9072,9093,6220,6356,12470,5524,2905,9234,13110,11622"
4334,4334,"11622,89,6982,4413,8205,11282,7983,12857,941,9580"
4361,4361,"6638,1220,5545,3870,5199,10340,220,6529,6326,2199"
4377,4377,"4798,5610,331,10340,1634,5025,544,2140,5313,177"
4412,4412,"10607,2885,5760,4036,10441,83,1977,3464,4935,12976"
4415,4415,"13346,12857,2169,2789,9449,8413,1532,810,12156,1592"
4424,4424,"5549,9937,7723,3088,5149,4698,5025,2158,3055,5495"
4425,4425,"9340,10608,9455,6638,1978,4277,11540,7063,6326,2140"
4430,4430,"11010,609,6220,13211,5303,3950,4005,7717,419,4679"
4433,4433,"10138,11540,11384,5549,2199,8413,11567,2158,8161,4413"
4436,4436,"7063,9072,9771,12793,4414,11384,2218,1776,7439,13346"
4458,4458,"11622,6326,10326,8922,6982,7138,10340,12665,9072,10138"
4461,4461,"5485,3697,12665,5545,11417,12606,3467,4048,779,544"
4488,4488,"454,5545,9942,2567,89,2789,4602,13381,13346,3317"
4497,4497,"2885,7120,1290,9295,5142,12030,11117,10663,4777,10530"
4498,4498,"12925,2169,12404,2958,7138,717,12990,1598,811,9968"
4504,4504,"10608,4101,220,89,9937,3950,6220,3055,4698,2291"
4510,4510,"1598,9942,9295,64,13346,9072,89,13249,8846,2343"
4512,4512,"6011,3816,7763,5760,5940,33,4256,9964,11182,11321"
4513,4513,"89,6899,4664,2896,5485,12793,5545,10916,9744,6166"
4516,4516,"6811,3539,10674,10389,544,5142,1290,3697,1400,4576"
4526,4526,"11540,2218,2339,7705,3467,6465,5303,7950,2303,12157"
4528,4528,"13346,9799,4430,220,4576,4413,12606,275,6166,8826"
4542,4542,"2567,1912,2343,10835,3024,2140,5025,9449,4900,3317"
4559,4559,"3697,4664,3539,2885,11024,1779,10674,11775,4387,9730"
4572,4572,"8235,5610,3055,4101,10916,10138,976,7578,11540,2218"
4575,4575,"8036,5080,2242,9164,12606,2952,13381,11103,3870,8846"
4583,4583,"1978,10916,4000,8846,9072,8681,12857,4277,13346,769"
4602,4602,"8562,1634,7707,11540,10986,10663,9942,4664,275,11298"
4608,4608,"10674,11024,786,3539,1244,11298,6811,10607,9177,10389"
4609,4609,"7707,11540,11622,4576,10326,2990,8413,2380,1598,9799"
4626,4626,"13346,12823,1779,10835,7042,10242,12492,6745,12359,12029"
4642,4642,"7578,2990,6925,2822,6166,2789,9454,10473,2519,3515"
4653,4653,"3909,12665,5199,10820,7087,6220,12793,5866,7024,13381"
4664,4664,"1090,2969,6610,5545,12606,10389,7707,5657,4250,11299"
4665,4665,"5573,1400,1244,1977,12497,8302,1290,12474,12030,4083"
4672,4672,"9295,3979,11117,5142,1779,5573,1586,4111,12431,3280"
4680,4680,"11483,12606,2140,11540,6326,6068,10326,3870,491,12857"
4705,4705,"5199,10608,11502,2199,4117,11282,11357,4413,785,8922"
4707,4707,"11843,9799,3515,12857,1912,11396,7715,11969,4947,10776"
4711,4711,"5199,89,7723,12990,7138,8413,2990,5573,2218,11403"
4732,4732,"6638,5199,11403,11540,1378,12606,4707,296,12665,1680"
4734,4734,"2784,11117,12474,10336,5142,8525,3697,1244,5573,2916"
4735,4735,"12474,5573,2885,4083,10322,10663,1400,1750,4777,2664"
4749,4749,"10137,4216,11532,4111,12995,4664,1558,11143,10389,4576"
4751,4751,"7024,5199,9883,10537,10464,12253,5524,9942,7120,3500"
4762,4762,"10835,2337,13346,9247,3055,5524,7024,8562,5532,7014"
4767,4767,"331,7637,1634,8421,10241,8703,9072,2020,5386,10138"
4771,4771,"961,11154,1249,9404,10063,9942,9867,8562,5199,7707"
4773,4773,"5532,11540,89,7138,6962,976,1598,10651,12793,10017"
4776,4776,"8562,331,12665,89,5199,2140,2989,13101,1299,7024"
4783,4783,"5545,9942,11298,1598,13110,9072,3950,89,6082,10916"
4788,4788,"10340,12104,9942,2199,4798,275,10608,5303,10434,1082"
4808,4808,"89,5545,11540,3870,12606,10340,13110,7707,10916,1978"
4810,4810,"11540,3870,9450,1411,3491,3950,7707,2218,4608,4798"
4818,4818,"1501,10016,5642,13211,6560,8454,652,1551,9693,6220"
4823,4823,"11384,851,9072,11843,9580,12990,4277,1180,3950,6166"
4829,4829,"3870,11622,6982,1598,10340,8562,12793,12665,6220,10607"
4842,4842,"8421,10608,331,8567,12857,7707,9072,11024,11969,9942"
4859,4859,"6565,5843,1572,4199,9600,3428,1585,773,4974,5919"
4866,4866,"8567,2885,789,12030,544,12339,8525,7063,13101,12026"
4881,4881,"12990,11540,4323,6270,2218,1180,13114,9234,4277,13296"
4908,4908,"13214,12871,5946,383,7383,362,10776,8402,10122,2264"
4910,4910,"1290,2916,1977,1244,12497,296,11532,354,4929,11992"
4922,4922,"5545,851,12665,4798,1598,8421,12793,2291,9340,12813"
4942,4942,"10326,9942,12665,13346,3539,10916,9962,544,4277,1299"
4976,4976,"4576,851,3539,11024,4664,9746,1244,12680,11532,12903"
4993,4993,"1598,12665,11370,10326,10502,13406,7900,453,11880,12723"
4995,4995,"1776,1634,9668,9937,9799,7138,10326,1996,5303,851"
5020,5020,"5135,13370,10674,4664,9399,10581,9732,3539,8635,11532"
5040,5040,"12665,10835,976,851,12404,9937,6515,9942,10608,5549"
5048,5048,"37,3769,13272,275,8452,12404,703,2291,4827,8076"
5058,5058,"2343,3055,9693,13346,5545,6220,5524,13381,5199,5866"
5067,5067,"12026,12665,12404,1634,1223,1978,4798,7578,10138,976"
5087,5087,"2905,5549,12665,5999,12793,331,12680,11540,976,3035"
5090,5090,"5524,13346,13381,5303,2343,3950,7024,11751,10677,11403"
5102,5102,"6638,9771,5495,5303,11403,3870,5199,11384,5549,7024"
5103,5103,"9799,4413,5545,2789,2380,9455,2990,646,7707,8922"
5105,5105,"7637,89,9937,9295,5149,2020,12606,3088,6166,4698"
5108,5108,"2789,10916,2567,7063,3515,11784,3870,10138,9443,4602"
5119,5119,"10835,4576,10607,4277,5610,5303,13346,11540,12990,13249"
5120,5120,"11298,11117,9229,3539,1779,4576,10663,11775,6811,11143"
5124,5124,"8421,11282,851,4322,7063,89,5485,2169,3055,10608"
5132,5132,"5199,220,10916,7138,1220,6638,1598,4947,5999,9072"
5138,5138,"11024,9942,9295,3539,11775,11532,11918,5135,10326,9962"
5144,5144,"3950,9455,2882,1996,12857,8413,9602,8161,10063,8562"
5159,5159,"9234,10916,1299,7197,1180,10027,11495,8819,4305,10326"
5167,5167,"220,3515,11540,8053,331,1978,9229,5303,11282,9072"
5175,5175,"10608,4277,10916,2158,12793,9306,12857,1912,13214,10138"
5176,5176,"8564,9530,13211,275,11998,8421,9763,1824,10663,9182"
5185,5185,"6123,5999,11405,13381,8505,11377,2990,5422,7024,12680"
5189,5189,"4199,11405,11010,7578,5761,1912,9409,10835,13353,824"
5191,5191,"8922,2405,12253,13191,6441,10779,7024,10496,12668,9627"
5206,5206,"6971,10663,7707,5303,11103,4322,13296,12606,2218,2800"
5213,5213,"1210,5545,5775,4679,9942,12404,4413,2905,6220,11540"
5224,5224,"1180,12026,717,6141,3950,8343,8575,11561,992,773"
5226,5226,"11298,4576,11024,4664,2916,1244,10389,10336,1851,3539"
5241,5241,"10336,789,9866,10663,7817,13309,1400,9185,10389,9962"
5264,5264,"4111,2916,1851,7120,3570,1290,9684,5142,12497,6610"
5268,5268,"9234,1180,9275,11384,7327,13346,8126,646,12990,10326"
5270,5270,"4698,6971,6962,9799,2822,12606,7707,12331,9668,11520"
5287,5287,"9942,3515,10340,12156,3737,4263,1957,1400,9405,163"
5314,5314,"8703,9668,7637,5610,2020,3870,10241,7723,3799,3055"
5318,5318,"1761,9567,6010,7948,11615,12829,5303,9365,9570,9962"
5326,5326,"5149,8981,6166,9031,12622,3088,3055,4880,4101,1767"
5336,5336,"12680,331,10138,8235,4277,3515,8520,4947,3596,11540"
5343,5343,"13309,1978,10607,13296,4664,11775,1634,83,4576,4861"
5347,5347,"5532,9942,8590,6220,5545,4266,13296,6638,11384,3428"
5354,5354,"9306,11540,1912,13214,8235,1634,560,11384,2380,7439"
5356,5356,"3870,220,454,2567,1977,2199,6243,9771,2789,11622"
5367,5367,"4698,9937,2885,5149,10607,5545,9668,4101,2169,10241"
5373,5373,"7707,11384,5485,3870,6166,11403,11622,8562,11540,2990"
5385,5385,"6166,4698,9564,13044,7637,12026,1779,9937,5149,10429"
5458,5458,"1286,4690,13072,12421,5621,12177,8479,476,9799,305"
5463,5463,"13249,717,5866,9942,11624,1017,6461,1598,2380,4271"
5471,5471,"10674,6811,11298,12497,4216,4163,2957,3570,4929,4664"
5476,5476,"3055,2218,10025,11691,5485,6645,7707,5199,4413,8922"
5484,5484,"1290,992,6418,275,1220,6971,8053,9115,2072,5896"
5508,5508,"10674,11532,1779,13370,11024,4111,10389,12615,4576,3570"
5513,5513,"7707,10429,3428,2990,9570,1856,13296,13377,12723,1977"
5520,5520,"1978,331,4277,1180,811,6433,1328,7138,837,10326"
5524,5524,"8421,5022,9410,9968,3934,6414,717,9600,3950,1225"
5539,5539,"10340,7723,8235,5199,2199,5545,2789,11622,6962,12665"
5554,5554,"8161,5610,6166,10835,10663,10138,1180,3577,2789,2380"
5564,5564,"11001,1220,5545,992,10063,64,13346,12404,1210,7707"
5595,5595,"7063,13346,5545,1598,8161,7707,10326,2291,646,8421"
5601,5601,"2291,1912,12665,976,10462,1290,9306,275,6515,11969"
5602,5602,"8562,2990,4305,1220,4667,7707,1598,5471,9901,1225"
5618,5618,"3704,8630,10674,9962,8475,4576,10607,3239,1576,11532"
5643,5643,"8235,89,5199,5532,5999,10835,6962,7578,6220,11357"
5644,5644,"1996,6220,64,6123,11384,11405,4199,3055,4332,8301"
5651,5651,"2218,10916,8221,12680,5549,2140,13296,1634,10138,5303"
5655,5655,"5495,3545,10322,12668,89,5549,1598,1037,7024,12099"
5658,5658,"4101,3515,10322,6515,10326,10608,6166,12680,1996,3770"
5660,5660,"5760,12857,162,13296,10441,9375,10739,2034,7220,7047"
5662,5662,"9340,5545,11384,89,6220,13346,1634,7707,8922,2158"
5670,5670,"8161,7063,12026,4101,10835,4277,11843,13346,12857,1598"
5676,5676,"11532,7553,9102,7120,10674,3570,4547,8475,3979,4216"
5680,5680,"5199,12927,89,10835,2218,9942,1598,3055,12057,2822"
5698,5698,"5532,3909,4388,2343,1116,11117,11024,7948,4576,3539"
5710,5710,"5199,4117,5610,8562,4315,12793,5731,976,2905,8505"
5723,5723,"1779,11024,3870,4111,3570,2989,5318,6610,10137,10389"
5742,5742,"10835,4117,13346,6515,3950,5422,3055,11357,5866,6522"
5748,5748,"11928,4576,10931,4098,9170,9102,11298,12615,5979,8284"
5750,5750,"544,2380,10326,275,8562,5549,7723,8235,9937,13309"
5787,5787,"13346,12857,3950,6326,7707,5610,11282,1400,9580,9072"
5798,5798,"12680,1912,7578,2343,5485,5545,9072,10916,13249,6971"
5799,5799,"9306,5946,2291,2300,8402,383,9771,165,6117,4798"
5815,5815,"7964,5532,10835,10389,2916,8608,7120,12359,9593,4451"
5822,5822,"331,1978,6638,220,1912,9072,11843,7578,2218,11784"
5834,5834,"8235,2343,13310,3275,10677,1299,1926,11540,3637,10063"
5846,5846,"13346,6515,2218,11282,3950,12857,560,544,11384,4798"
5858,5858,"2905,11282,1776,89,6899,3770,11784,5025,2199,11357"
5882,5882,"13249,11540,4277,12758,2218,6591,5386,1090,10674,9340"
5892,5892,"5545,12606,4608,8505,13110,1426,8562,1220,8421,7707"
5897,5897,"10340,12793,11540,1978,2905,3950,12026,4679,220,6638"
5898,5898,"4637,1532,2218,12353,8413,5524,4007,18,2265,11681"
5902,5902,"4413,5022,10433,1249,5545,4425,1847,1302,4608,1478"
5919,5919,"1287,2789,7138,11282,4315,7063,3828,13297,9580,3488"
5934,5934,"4315,1996,5199,7707,2903,1863,6418,976,1598,560"
5946,5946,"3737,10963,10147,7856,7120,9295,12762,12497,6054,5135"
5965,5965,"12030,13346,5199,7138,10835,8235,4117,4053,2905,12611"
5995,5995,"2343,8235,13346,11384,5485,12665,7707,89,12404,8514"
6005,6005,"4576,5199,11298,6610,2989,4315,7553,5535,4111,10607"
6006,6006,"2990,2218,6520,1957,220,1478,8413,5022,7501,3106"
6013,6013,"10916,4798,646,8343,8562,5999,7010,7707,4053,3055"
6016,6016,"89,11540,2169,6220,4315,2905,976,5999,5819,8413"
6023,6023,"7120,12497,3697,10663,4036,2969,4777,4111,5142,9962"
6052,6052,"2822,9450,3106,1912,12943,824,717,13253,11384,8846"
6056,6056,"4117,10835,8922,5199,1220,4053,11289,7063,5485,1045"
6059,6059,"12857,10326,1180,3950,5610,10608,8759,2158,4321,851"
6064,6064,"4117,10835,2494,2571,5422,1100,2822,8421,785,3515"
6091,6091,"4053,11357,3055,785,13058,5422,6971,3423,5303,2905"
6112,6112,"4163,11532,3570,5142,10102,10674,7120,9960,9732,4216"
6133,6133,"13110,13381,9942,7899,12665,9164,89,2158,5532,7280"
6150,6150,"5610,10608,13296,11540,11384,10138,10340,8205,3055,4679"
6155,6155,"5025,8161,12857,773,2218,2158,13340,6433,10589,4483"
6157,6157,"220,10138,2169,5549,4101,851,10326,8161,12857,3515"
6212,6212,"1249,12793,11540,12665,11691,7672,5358,4615,1279,12606"
6218,6218,"9880,1180,2169,1912,10916,11000,6899,4053,9953,4277"
6242,6242,"5485,9799,10138,560,3870,8590,7723,12665,4430,2169"
6243,6243,"12665,544,8671,2343,10537,350,10326,4277,4602,4664"
6260,6260,"10608,6166,1634,2291,12665,8703,4798,5610,851,8161"
6262,6262,"2169,5485,5760,1101,13398,10707,2885,10442,7325,2541"
6278,6278,"8205,1746,4924,8681,4413,1724,8648,1598,7442,16"
6280,6280,"11540,10608,5199,4798,11280,953,5386,3606,7063,2903"
6287,6287,"2291,12857,851,4277,6515,8703,12665,789,5573,6243"
6305,6305,"8161,9942,2789,10835,11969,6326,7578,11384,717,10063"
6320,6320,"10126,2822,7120,4388,1912,8575,13346,789,5866,7964"
6339,6339,"11540,8562,851,9580,275,6326,11289,2218,10340,6638"
6360,6360,"6220,13381,12665,560,5545,7899,8590,4413,13306,11869"
6370,6370,"11540,12611,3035,1478,6270,11784,6945,4946,2012,5545"
6376,6376,"5610,10326,560,6220,5545,275,6326,1598,1996,4664"
6378,6378,"9295,9730,11532,3570,9621,12995,5690,2969,9932,4098"
6379,6379,"5485,6220,11540,1180,3305,11532,5502,4664,9459,7120"
6398,6398,"2343,6834,2537,5866,6220,2777,717,9942,1634,8625"
6422,6422,"13346,4277,8922,4101,6971,1220,2199,3055,5303,9799"
6424,6424,"10340,10326,11117,2218,11784,454,5532,6971,6982,3340"
6436,6436,"851,824,6962,11289,4117,976,4798,1210,2199,9942"
6454,6454,"5532,6638,3909,8608,12611,6529,3055,12694,4679,13346"
6464,6464,"5549,851,4679,10326,13114,8575,11540,8421,3950,10138"
6479,6479,"8205,7558,1746,11540,8425,5532,7079,10589,3950,7792"
6485,6485,"3088,2784,4095,1863,8703,5149,4224,2303,10429,4250"
6488,6488,"5545,9942,3870,2990,4413,1220,851,13249,9164,2199"
6490,6490,"5549,89,8562,7063,3515,3870,5532,11024,7723,454"
6498,6498,"11784,8562,4413,8413,3071,7707,4947,9901,12181,9602"
6533,6533,"2969,2885,4111,1977,10581,9170,296,11298,1290,3772"
6577,6577,"4974,1598,2631,5378,350,10916,66,7292,832,331"
6579,6579,"717,2169,2291,1912,8794,797,9309,2264,1180,4315"
6583,6583,"5485,6220,11540,3305,5502,12058,4615,5545,4664,10027"
6597,6597,"7707,10326,8562,1180,13211,11540,931,552,2789,5128"
6599,6599,"6638,3055,12665,2989,5485,8703,13296,2218,11403,3737"
6607,6607,"11540,5199,2789,6515,11403,3428,1978,8413,11843,7138"
6613,6613,"12680,6166,5545,11540,1210,11282,7707,13346,6220,8235"
6622,6622,"4929,12665,1290,11540,3539,9295,1779,12995,4576,11117"
6637,6637,"8562,1598,12606,5545,3055,12368,7207,9247,6971,5698"
6644,6644,"717,1180,837,2218,11871,12584,7802,8922,2004,4974"
6651,6651,"4664,11024,4216,10389,3570,9732,10674,11532,10137,12869"
6674,6674,"13249,8590,3628,10916,2580,992,2140,11384,4243,5135"
6683,6683,"10608,2905,7079,13058,2645,10326,8707,12611,6325,4305"
6686,6686,"10607,2885,11117,5142,13309,10608,3539,4929,1977,3697"
6707,6707,"2905,10835,2822,5524,2411,11403,11540,1273,8279,11751"
6724,6724,"8235,1244,7024,6962,3055,4715,5199,11403,8562,11615"
6729,6729,"3055,13296,4664,12875,11282,4798,1826,12857,9455,11843"
6739,6739,"4413,11622,2990,12665,6982,2380,3870,7578,4576,560"
6756,6756,"10608,5485,220,275,1912,1634,12404,10340,331,11784"
6764,6764,"6659,6220,4256,2870,1598,13296,7763,6515,5545,8562"
6768,6768,"1996,8043,2169,3112,5303,5214,8678,2882,6742,12606"
6787,6787,"5545,11282,6166,12665,11540,3055,454,9799,8235,2567"
6808,6808,"11532,7120,1290,1750,9297,3305,1767,12995,3570,1819"
6811,6811,"1978,11540,3950,1188,11000,12787,9215,544,8421,791"
6812,6812,"4698,8421,10326,1478,275,7558,10241,6115,11767,7327"
6831,6831,"1978,11289,6283,4111,275,9791,457,1287,5672,499"
6833,6833,"11622,64,89,6962,5375,4644,12793,3799,9375,5303"
6840,6840,"12680,4101,5124,3596,8421,8922,11405,12622,2199,976"
6842,6842,"10607,6811,1290,2916,11775,11024,10674,9960,10648,6610"
6855,6855,"10607,4664,4576,10389,4929,10674,1244,6610,789,11775"
6869,6869,"7578,8413,9799,5214,1100,4679,5999,7356,2822,3770"
6874,6874,"4576,8504,4664,11775,10674,11903,12665,12615,7072,11992"
6879,6879,"13346,5199,10835,4315,2905,5999,12793,12665,6515,9229"
6885,6885,"3870,13296,9234,454,4974,8221,10949,3755,11622,10063"
6886,6886,"4322,275,4664,10835,3870,1210,2199,4679,13346,89"
6902,6902,"12665,1598,10326,837,773,11455,4974,350,2411,12768"
6908,6908,"2989,4664,11024,789,9962,11298,6811,11775,12615,10674"
6911,6911,"2789,6815,9072,9165,9375,2567,8257,5940,11239,1180"
6912,6912,"8819,9164,13249,5109,12404,9942,1323,4068,4679,6825"
6919,6919,"11024,6610,1779,4036,10674,7590,10648,11775,9295,1090"
6926,6926,"5532,3870,4117,3515,220,1598,4947,8707,4053,2567"
6934,6934,"9451,3822,9422,2356,1180,350,9072,8188,11969,5940"
6935,6935,"2140,13346,4277,11540,9799,2158,1598,12857,10138,1180"
6939,6939,"2343,2814,10326,6166,8562,3950,5532,1478,11483,11969"
7000,7000,"7707,5199,8279,4602,6971,11403,12665,13296,4199,89"
7003,7003,"3950,10138,2343,10608,1912,2291,789,4315,2169,5199"
7005,7005,"9234,10916,1180,7197,10063,2411,8819,10326,10027,1299"
7042,7042,"10138,11843,12857,2380,2218,9234,9072,8235,5199,220"
7045,7045,"11757,10974,5760,9375,8356,11533,8257,6640,6110,2026"
7047,7047,"11540,12990,8235,4413,10835,8703,4117,5545,7578,8922"
7053,7053,"8235,11540,5485,12606,5199,3870,1978,3055,7723,2990"
7063,7063,"2905,4974,5025,3950,5199,12787,12404,66,2631,2158"
7067,7067,"2218,11289,12680,4615,864,6134,11406,2789,5160,9507"
7071,7071,"3726,4861,9291,9637,5091,5303,11969,7707,2380,8681"
7078,7078,"7138,12793,6220,4947,10537,2169,89,1220,5199,1598"
7109,7109,"4861,13296,2870,9964,33,10685,4916,11367,7763,1744"
7118,7118,"11282,6166,9072,11010,609,12793,12680,8922,3950,4798"
7129,7129,"3570,11903,10581,11024,10674,10607,2969,11775,5135,5142"
7133,7133,"11384,4576,9229,2218,2905,10405,10785,220,840,10442"
7139,7139,"11298,9405,1210,9229,6610,9668,10464,6811,11775,1750"
7142,7142,"1912,6515,7138,6326,13110,2199,8562,2380,331,12779"
7146,7146,"5199,5532,4199,976,5422,5703,9404,2199,13112,5592"
7172,7172,"11384,11843,331,1634,8161,8562,851,4277,1776,9072"
7181,7181,"5199,2199,7024,4576,4798,3055,1210,220,12680,13346"
7195,7195,"11282,851,1180,5025,10326,10138,6388,6899,10594,6107"
7197,7197,"717,9455,829,851,1210,5025,13110,12990,10869,1328"
7203,7203,"8567,2916,1977,10663,6243,11298,9295,3697,296,2969"
7223,7223,"1598,13296,652,5025,2990,2411,5835,10326,10340,2580"
7235,7235,"2957,4216,1851,8650,3722,4688,83,9732,10674,8810"
7236,7236,"7120,12497,10607,2916,3737,10963,11824,11532,5142,6219"
7237,7237,"2969,2339,1244,3487,6366,2885,6434,5142,5663,4655"
7255,7255,"9962,1977,4111,7120,8922,11117,8342,13346,1290,5042"
7297,7297,"9693,544,1220,2537,6834,2218,10677,5545,1180,10176"
7320,7320,"12611,11784,3055,5199,4199,5025,3340,773,3992,2411"
7323,7323,"2343,3870,7723,4576,11384,6515,10835,11403,89,2380"
7326,7326,"9799,1532,8283,10820,1935,6326,4413,7986,3422,13296"
7343,7343,"11282,4277,1180,12990,1776,1210,8161,1996,10916,4679"
7363,7363,"12026,5199,5532,7707,10138,1978,1220,3870,6166,6433"
7364,7364,"220,7024,13346,4430,12680,5199,275,10138,9580,1210"
7366,7366,"331,851,12026,5199,7723,1598,2199,6166,4117,3428"
7372,7372,"9729,12990,1598,5654,2896,129,9108,2822,11403,12058"
7399,7399,"7637,8562,10241,7707,8028,5199,12723,2020,544,6971"
7402,7402,"13072,12177,12421,476,5621,4690,305,2332,13121,1912"
7406,7406,"10326,2140,9799,11540,8562,10138,5610,2343,9771,3515"
7421,7421,"10835,12321,7536,3766,2199,11171,11643,10407,5199,13235"
7425,7425,"10607,9295,4576,2969,2885,1977,6610,7637,4929,1290"
7431,7431,"1912,10138,10916,8161,976,8421,12857,10322,4322,1210"
7447,7447,"12085,6632,7201,7528,12875,4066,5997,2007,1287,22"
7451,7451,"7707,5485,6166,5199,7578,11384,8235,2958,89,11403"
7453,7453,"10462,228,7317,11620,13061,12615,5999,1824,8381,2108"
7456,7456,"9942,11992,12798,8213,238,1249,11775,4576,4664,3575"
7484,7484,"5135,9297,8307,789,12096,10166,11052,11532,3818,8475"
7486,7486,"5199,12421,5532,1912,2332,12177,11622,5621,13072,8413"
7505,7505,"11343,11298,10663,7120,5135,12497,5573,5760,3539,2885"
7529,7529,"8205,7558,9306,9264,1223,5025,12857,8562,10916,6258"
7532,7532,"11024,4664,1779,9942,10389,1244,11298,3697,12497,10674"
7548,7548,"5199,6962,13346,13249,11622,5495,2789,13381,2343,5545"
7550,7550,"11843,1978,560,8590,10835,8161,3950,393,89,6326"
7557,7557,"13383,7332,2877,5760,2026,4560,9165,10743,11142,7496"
7574,7574,"789,6811,11024,9942,9295,10147,2989,5135,3737,3697"
7586,7586,"7637,8703,13296,7792,5149,2020,12339,5545,10241,8028"
7592,7592,"1219,5760,3652,4159,9375,12226,6269,10442,10707,11757"
7594,7594,"4413,13346,12857,1978,11384,5545,5610,13381,8413,275"
7600,7600,"11871,2140,1225,10326,6326,8421,9410,2905,5025,3770"
7601,7601,"4322,12793,9340,10326,5485,3416,9880,125,10678,6926"
7642,7642,"2957,4163,9072,8161,8421,2905,9340,10916,1558,10594"
7647,7647,"12793,11540,851,7024,11843,2291,7138,4413,275,2218"
7650,7650,"11540,8413,8235,844,12665,4414,6220,8045,3340,11772"
7660,7660,"4664,10674,4929,1851,13370,11532,9962,11024,1779,6960"
7682,7682,"5199,8413,2199,12606,6220,9072,13346,1220,2411,275"
7712,7712,"10326,8421,1299,6220,1323,5532,13249,6742,10231,13104"
7728,7728,"3950,11843,13351,10138,11000,7138,2158,4664,8161,976"
7763,7763,"10326,1323,13249,8421,1299,13104,12927,5532,7470,10231"
7764,7764,"12026,8235,3870,2218,11282,12793,560,4413,8161,11622"
7765,7765,"11024,4664,2989,11775,11298,4576,12869,12615,9295,10389"
7768,7768,"9942,12990,12030,13346,8413,89,1299,7637,13306,1598"
7776,7776,"9962,7817,5135,6811,13309,10644,5142,9866,10663,10336"
7834,7834,"851,1634,7439,1776,5549,1223,13295,3968,1912,4843"
7850,7850,"2905,4974,11540,2411,2631,6632,4525,2218,3050,6220"
7860,7860,"12615,4216,10389,11938,11532,11775,10674,12096,3539,9960"
7879,7879,"6515,220,2199,1223,6971,7578,4798,10473,12026,8413"
7892,7892,"1290,13377,12723,9570,10429,7120,8188,2327,13296,12737"
7895,7895,"11540,89,12793,8235,3515,8413,4414,3055,11384,3870"
7901,7901,"9115,3296,2140,5485,11993,11282,810,13346,8292,2767"
7922,7922,"6641,8379,6220,1422,5476,5555,13249,1180,7983,10916"
7927,7927,"9668,7637,10322,12665,1220,12680,8053,2199,6166,10462"
7931,7931,"1210,5866,2343,1912,5199,9693,10778,89,8413,11289"
7938,7938,"4416,2411,6632,714,9942,4053,811,13110,5199,7356"
7942,7942,"10916,5199,220,8161,1978,560,2169,12404,9340,12857"
7964,7964,"8235,13346,2218,5545,5610,11622,3950,8922,2905,12680"
7982,7982,"3321,5524,2506,9733,2910,7792,10835,7558,5762,8830"
7988,7988,"11117,8302,8567,5135,3737,1290,2916,2784,12474,296"
7992,7992,"12049,10340,9115,8421,8161,13372,10063,8076,6418,11405"
8005,8005,"844,11540,8413,3055,12665,10226,13191,11615,4413,976"
8019,8019,"13426,12458,7681,6629,5504,10009,10919,786,4619,6016"
8026,8026,"6326,837,11540,1996,8413,2789,7138,10916,11993,10340"
8028,8028,"5532,6529,8608,4388,5485,810,5866,12404,5199,5592"
8085,8085,"6626,8221,11403,13346,12378,7138,5303,5545,9470,1598"
8103,8103,"5545,89,2567,454,9942,7024,12606,7723,11403,12665"
8108,8108,"5545,11540,9072,4915,10326,9340,6220,4679,1478,12404"
8137,8137,"11403,10063,5545,6971,10733,1598,4277,7120,2903,89"
8138,8138,"4277,5386,2004,4679,12404,992,1524,10916,10262,11406"
8139,8139,"11282,3950,8161,11784,718,331,717,851,2924,5471"
8148,8148,"560,10326,2140,1250,811,6418,717,8076,9456,8126"
8150,8150,"3428,1598,5839,5545,89,10820,12029,11497,5485,8562"
8160,8160,"11024,10674,1400,4664,11299,6576,11775,11532,4036,10581"
8175,8175,"12665,10916,9799,8590,1779,11532,4664,1290,2004,1851"
8191,8191,"12680,2916,10663,5135,10607,10322,4413,3697,296,3539"
8198,8198,"9729,1598,11540,11384,1912,4798,1996,3430,6096,8413"
8202,8202,"1244,4576,2885,9962,7120,1535,11512,12857,8922,9295"
8233,8233,"4560,7127,10729,11337,11533,7963,2770,2940,12085,8176"
8251,8251,"2291,7707,5999,9668,4101,8235,1220,10138,4798,226"
8252,8252,"9306,9600,11384,331,1598,10340,5545,8945,9365,12779"
8265,8265,"6418,3055,6220,7707,5303,1598,393,4480,13211,6211"
8267,8267,"4947,2199,3515,6395,5485,5124,12648,4935,4660,10916"
8268,8268,"717,1180,10151,10322,11384,837,7578,1328,13296,8562"
8294,8294,"2380,5532,4388,13309,8608,3055,3909,13191,12858,8590"
8299,8299,"1244,4576,3697,3737,11298,1290,3539,11532,9102,12497"
8302,8302,"9668,2169,12793,4322,851,7063,1634,4277,5025,4315"
8303,8303,"10336,11532,6610,1290,9960,3697,10840,1806,10607,9684"
8323,8323,"2905,4798,4464,4332,4351,2140,5199,851,13353,6638"
8327,8327,"4111,4664,9960,1290,9185,10674,10389,6591,5142,296"
8331,8331,"1217,12025,11622,7220,8356,7047,5760,7681,162,4159"
8332,8332,"1535,11512,7120,1290,12615,7983,3570,11532,10674,4216"
8334,8334,"11726,11572,2990,89,2905,2199,11282,1776,3950,11784"
8337,8337,"9295,11298,1977,5142,4929,10389,5318,4576,3989,11143"
8341,8341,"11622,6982,9668,10340,4101,9937,6326,11784,3340,11384"
8361,8361,"6283,9456,10326,2140,1250,811,8126,6418,1393,10217"
8369,8369,"1220,2380,9072,1598,3950,3539,2865,9550,8922,220"
8378,8378,"8161,13346,331,8421,5545,9178,46,9580,2140,11000"
8407,8407,"5760,2769,11775,3464,162,6082,10441,7047,11024,5105"
8419,8419,"9306,13214,10581,5142,13370,9962,3570,7120,1779,1558"
8424,8424,"10462,9244,11609,10326,9668,9170,9564,6218,1634,12228"
8425,8425,"8205,9072,1746,12049,4679,1210,11590,2631,7442,7138"
8438,8438,"11117,5142,8302,9405,1977,8733,1400,1290,11992,11651"
8447,8447,"10916,4694,1180,5904,12990,1290,4679,4277,2789,12385"
8458,8458,"2291,3570,11117,1851,3697,3539,9771,10581,8922,1290"
8463,8463,"1912,11384,11540,5025,9942,1776,1978,544,7707,12758"
8471,8471,"8126,8189,10473,10027,6805,10608,1978,8575,12359,4453"
8472,8472,"11024,1851,10389,4664,4576,10674,1558,1244,2957,83"
8477,8477,"1400,7715,10795,220,6326,4117,5532,5545,2905,9229"
8478,8478,"6529,5532,3055,7024,11403,2343,2140,8922,12680,5303"
8483,8483,"3697,8302,8567,2885,9405,89,4036,2989,12678,11298"
8496,8496,"6326,10916,3055,5303,2140,8053,9849,9292,2380,9761"
8497,8497,"1501,11495,10016,652,8454,13211,6560,1551,2978,10835"
8501,8501,"220,3340,7578,4117,2822,5463,12398,2343,12943,10916"
8506,8506,"3950,13346,9942,10916,9072,2199,5303,2789,1598,2218"
8520,8520,"2172,11540,11000,3870,2140,4798,220,5303,4025,1180"
8524,8524,"4576,5135,9880,9962,13346,89,4083,1598,4798,10663"
8531,8531,"4322,7063,4798,9771,8794,6388,12276,12026,6270,9340"
8556,8556,"5610,11282,3870,5495,4679,18,1598,4664,1996,12779"
8579,8579,"4576,4664,10389,11024,10607,6610,10137,11775,1244,5672"
8585,8585,"63,5545,9600,7792,9439,7110,1598,3992,9942,3428"
8591,8591,"7792,5545,12606,1766,5524,6529,101,8246,8188,5325"
8592,8592,"10607,1750,8090,1290,9684,9746,4664,11298,11024,1891"
8596,8596,"5199,2199,6395,2990,5124,3992,11396,1598,3515,5524"
8598,8598,"13296,331,5545,3055,13346,10326,5532,9942,7138,4117"
8608,8608,"9962,7120,10674,8635,10663,1290,10607,12373,7553,9185"
8610,8610,"7590,11298,3737,13370,10000,1244,2988,9962,1400,11775"
8617,8617,"11532,12615,3570,1290,9960,10840,3697,3539,10674,5570"
8621,8621,"11384,8703,3055,5545,2218,1220,8562,12793,10608,3697"
8629,8629,"9880,2169,4322,13346,1220,1407,10340,3870,1210,6326"
8649,8649,"2990,9135,2705,2218,4025,8746,4854,8221,13249,11403"
8652,8652,"4036,3539,1244,5142,3570,3697,11532,1200,6811,9962"
8714,8714,"10607,7063,9962,9942,2989,13296,2990,10916,7138,4664"
8718,8718,"8235,7024,11622,5524,6962,89,11384,11403,121,5875"
8733,8733,"4576,6610,12665,10607,1779,5545,1244,4111,10840,7553"
8734,8734,"11540,7087,3428,5545,2019,6641,1299,5524,9901,12253"
8754,8754,"5532,1598,4199,8279,9733,5495,7578,10778,2822,13112"
8771,8771,"5549,8053,8235,1863,6276,8302,1598,5545,11289,8413"
8791,8791,"10063,7558,544,2218,2439,12927,10258,5485,10496,2001"
8794,8794,"7707,13346,5545,3055,6220,8413,89,8235,8562,5199"
8797,8797,"560,6515,8922,3515,5485,12990,10326,11384,8161,1634"
8804,8804,"9627,11691,4861,12606,8922,4652,4,2426,7024,12937"
8809,8809,"11691,5549,13346,12665,2905,10326,7717,8922,1180,2199"
8823,8823,"6576,7120,10663,1290,10336,3697,4576,13309,8254,2969"
8833,8833,"10916,1912,6326,11843,13249,9295,2343,9942,6107,10138"
8835,8835,"2343,83,3539,1851,9962,4216,1558,4163,10674,1901"
8840,8840,"9771,4877,5747,3106,9668,4332,12857,976,12813,7201"
8842,8842,"5199,275,8413,7063,1851,12606,2199,13346,13110,7578"
8860,8860,"4664,11024,4111,10389,12665,12903,3539,10607,11969,10674"
8866,8866,"13296,717,7197,8575,1421,851,10326,5303,1180,7707"
8877,8877,"6515,1912,7578,5532,2140,9580,11282,8562,6220,5573"
8887,8887,"10340,89,3667,8562,10835,4315,560,6220,7138,1978"
8895,8895,"6326,10326,2218,6815,5845,8257,1180,2770,12024,5940"
8907,8907,"6610,10648,1779,1290,5142,7590,10464,4036,10737,9962"
8921,8921,"10138,4679,5610,1180,11000,9602,6638,851,2337,8819"
8928,8928,"5760,10441,6082,3464,2769,5105,10078,4935,449,11771"
8936,8936,"11384,4277,10138,10594,2885,1223,4939,1912,5025,3085"
8965,8965,"2343,5532,11384,13346,4388,9580,9942,11282,3909,6529"
8971,8971,"8018,11024,11969,10835,2771,2571,2343,3305,12404,560"
9000,9000,"4576,11298,1244,4664,11024,3067,10389,8475,12995,208"
9023,9023,"89,6529,12891,12857,9800,1634,12680,9340,12665,10778"
9025,9025,"5303,129,377,6747,6084,11384,6591,13263,1991,11289"
9031,9031,"2789,2567,7578,12026,4101,4117,9449,3950,5999,2905"
9045,9045,"10607,4664,2218,11775,4028,9580,4576,13309,11024,2916"
9053,9053,"3499,7707,3839,12606,1478,12989,7748,8028,1992,7024"
9054,9054,"7491,2789,9819,6270,13346,7792,12606,12249,11751,2440"
9060,9060,"1299,10326,12665,8421,1323,13104,10231,6220,9938,13249"
9063,9063,"10340,6166,8703,10608,8413,5549,11622,5545,12104,12793"
9071,9071,"8235,8562,1220,11622,89,10340,7024,6962,12606,3055"
9078,9078,"2343,4117,789,4798,11357,3909,12404,8608,7964,785"
9101,9101,"5166,10835,13375,1220,9454,10462,7246,2375,362,2343"
9108,9108,"10677,7986,10063,3275,1118,13346,1066,6580,1299,2343"
9110,9110,"11540,4277,10326,4861,3870,13296,6243,275,1220,3539"
9114,9114,"10663,9971,9962,11532,3539,789,10389,11775,12455,9684"
9144,9144,"10607,11298,10663,2916,5142,1244,3570,13370,4664,10389"
9172,9172,"6071,10326,4828,4095,6512,10462,275,6302,10607,9799"
9185,9185,"5485,7637,12665,12606,10429,89,6326,7707,11184,3577"
9190,9190,"5549,4947,6395,2958,11467,10345,9229,11396,7138,12793"
9193,9193,"6515,11282,2158,10138,2218,1776,10916,11784,1223,1978"
9198,9198,"7138,9072,1634,2140,1776,560,2158,6515,8590,5545"
9200,9200,"1977,10835,7374,5422,208,6795,11532,6811,7120,10389"
9201,9201,"4576,10607,7047,10840,13426,3570,10674,7679,12776,11775"
9204,9204,"3950,11540,3577,2218,13346,5549,6962,6971,4332,3055"
9215,9215,"10963,789,1220,10147,9668,4162,3515,1747,6925,3884"
9222,9222,"4664,3697,789,4576,3539,12497,9295,2916,10581,1779"
9233,9233,"12887,10677,3950,10228,1299,12665,12615,2411,6287,4615"
9235,9235,"11024,4664,4576,10389,13309,1244,4036,1851,10607,2916"
9245,9245,"5142,13309,5008,3323,10663,9837,296,2916,10336,789"
9275,9275,"89,220,3055,7707,2199,9942,7715,8235,1290,6962"
9308,9308,"2885,11298,2622,7707,13296,9942,3870,11117,6220,4413"
9323,9323,"9600,3908,992,4908,13296,9182,12635,12404,8562,4034"
9329,9329,"7707,9072,1598,10326,12990,4305,9942,9380,4277,11412"
9355,9355,"89,2199,3950,11784,4798,12857,5545,2567,6962,8562"
9369,9369,"220,11540,3055,5025,11384,3870,10608,9306,11784,12857"
9386,9386,"11843,10441,7707,5532,9295,11757,1101,1636,4935,5760"
9388,9388,"6220,9927,9942,4413,4786,1478,1598,5102,5199,2927"
9401,9401,"11117,7817,1977,5142,6811,10674,10389,2969,4576,11298"
9418,9418,"2343,5545,1180,9519,5532,7983,544,13346,6971,6529"
9433,9433,"3950,4277,8421,331,851,10340,8562,1598,12990,296"
9440,9440,"1180,9880,11969,4277,3781,8562,12990,3000,2631,4025"
9446,9446,"3950,9072,2158,12857,11540,4117,11843,2411,1180,9942"
9464,9464,"544,4277,9937,5495,861,7637,5485,7619,3379,5149"
9477,9477,"2789,5199,7138,976,275,1634,12793,13296,5610,8413"
9488,9488,"10607,4036,10648,11024,8714,10389,9684,4664,3570,1779"
9500,9500,"1912,11282,1978,2158,8421,10916,5610,350,6433,12990"
9502,9502,"3325,2440,2218,10609,6270,2587,1598,13381,5545,8454"
9507,9507,"7578,3055,1978,4315,1180,12793,5199,6638,13110,864"
9528,9528,"10663,5573,7120,2916,12474,1132,1590,5675,9302,10322"
9539,9539,"1978,11540,11384,9580,1223,544,2789,4798,2905,2158"
9566,9566,"8589,3539,11298,5485,10063,12903,4664,5480,2343,11403"
9575,9575,"9942,7138,10916,4117,11540,10608,11282,7063,4413,2158"
9583,9583,"7998,5025,11540,1180,4798,773,3950,6326,3055,1996"
9589,9589,"9580,1210,7578,8161,9668,7063,275,1180,4277,3950"
9591,9591,"1912,8235,953,1082,4516,11282,8794,1180,8413,773"
9617,9617,"10322,11384,7138,6166,4101,10608,6893,10138,6638,7063"
9620,9620,"12665,2343,5485,13296,5545,1598,10916,1180,717,6243"
9622,9622,"2905,6925,8575,5199,5999,8421,5363,3799,2411,9908"
9631,9631,"4664,11024,4111,12497,1779,13296,5485,10389,789,7817"
9655,9655,"10916,1746,13296,3340,2264,4798,3106,820,12404,5977"
9658,9658,"7707,1220,8589,10340,5485,3340,9404,2789,9229,1769"
9660,9660,"4576,4664,1977,3539,10607,7120,10674,9962,6610,10137"
9669,9669,"10336,10990,10068,5573,8922,11117,6176,7792,6084,11923"
9672,9672,"12793,11540,8161,220,1978,12990,6515,1912,5303,5545"
9684,9684,"3816,7763,11367,6011,5940,33,10941,11182,4256,4861"
9702,9702,"5318,13110,4117,1290,4533,11878,5532,9730,5199,11289"
9705,9705,"2885,12857,2343,6962,3539,4036,12665,4387,5199,5545"
9722,9722,"10674,1576,9732,9962,3539,11775,8475,7339,11532,4576"
9732,9732,"1290,11298,11532,83,9102,3570,10840,4664,10389,4576"
9781,9781,"789,11903,4089,4837,12615,10194,10674,3722,10687,3101"
9803,9803,"5532,5495,7578,1598,4199,7024,9733,8279,10778,1100"
9809,9809,"4117,9942,13110,2905,7578,5545,5532,2050,4036,3055"
9814,9814,"5025,1223,2169,1180,11282,1776,851,6899,11048,1996"
9818,9818,"6515,2218,3055,1957,11540,1681,6166,6326,2411,11384"
9820,9820,"560,5532,12611,2905,4101,7578,2199,9504,11622,1996"
9848,9848,"3950,5545,544,5532,1180,89,13346,1634,6326,631"
9856,9856,"1598,13346,560,773,10326,12665,2411,8575,12768,8421"
9869,9869,"7024,5524,12665,3428,7652,6220,13381,4563,64,2343"
9889,9889,"4798,9799,12321,331,7948,8590,8421,560,10326,5999"
9923,9923,"10138,12680,11540,1634,11282,12026,2905,10594,1180,11288"
9929,9929,"2380,11622,3870,454,11403,6982,220,9580,1180,10138"
9961,9961,"11298,89,11024,7024,6962,9962,6638,6811,4036,5135"
9969,9969,"5532,6834,5199,89,3055,6220,10835,3697,2112,13150"
9974,9974,"3055,2218,89,275,2343,4036,2885,3697,5303,10663"
9976,9976,"1244,6166,3870,7707,5545,2871,11540,4664,1220,10137"
9989,9989,"3055,4798,11506,3340,931,5199,6971,2291,5214,3106"
9993,9993,"10835,393,11455,8279,4593,7024,5524,12029,13249,11691"
10002,10002,"1763,1287,1776,976,11282,833,12636,6423,2357,5545"
10011,10011,"4664,9962,10137,10674,1851,8475,208,9185,11024,3067"
10016,10016,"3055,5303,2169,12857,2220,5532,4101,7063,4798,4315"
10028,10028,"9942,2199,4947,5545,11540,3515,1220,12857,2990,2380"
10029,10029,"1598,5545,4974,992,13296,12635,12779,11010,2411,11394"
10033,10033,"3055,4101,10835,5199,5532,12665,8235,8922,789,1286"
10042,10042,"9602,5270,1223,1180,4947,220,3317,13381,5303,5025"
10046,10046,"9580,331,3950,8161,851,12857,1287,10138,4974,8421"
10061,10061,"13249,1426,331,5545,12404,2158,13026,350,992,8421"
10071,10071,"6515,9942,1978,2631,3799,13306,13110,12990,8221,4861"
10084,10084,"2343,5386,4007,354,2287,5338,7227,8562,7707,12670"
10091,10091,"1180,4117,10138,3055,1912,4499,11282,12578,4798,8590"
10102,10102,"13309,4576,6220,1244,286,1487,6586,10464,2327,5142"
10104,10104,"1210,5731,11540,12793,89,12606,6515,811,1978,350"
10121,10121,"6971,12680,13296,4638,4662,8421,12030,5382,723,8922"
10131,10131,"5610,12990,12857,220,13346,12793,5545,3055,13296,4315"
10134,10134,"7439,1978,11540,11000,8421,3950,12787,5109,6971,12857"
10139,10139,"12497,1400,4576,3697,12030,6610,4929,13101,296,89"
10144,10144,"4947,6395,2199,5485,3515,11282,5524,2990,11403,5124"
10155,10155,"4947,2218,6395,11396,3515,2199,10677,2990,11622,12404"
10168,10168,"1863,6220,6168,6721,4250,5545,10326,4000,9942,7491"
10178,10178,"3737,12067,5866,2140,12757,11289,5199,5524,1290,11024"
10186,10186,"796,3755,5545,5524,3428,10340,13346,2738,64,7983"
10190,10190,"12404,2158,4911,2169,3628,5303,2140,5485,4986,4277"
10194,10194,"12857,10138,331,9580,5545,8562,5731,6326,2411,4798"
10196,10196,"10608,11622,9942,10916,4277,13346,8590,1290,275,4413"
10215,10215,"1634,9580,10608,1776,11384,11843,4679,1996,13249,4277"
10218,10218,"13296,12665,1598,5506,811,5485,11010,3870,6220,992"
10251,10251,"1478,12606,8505,4715,8188,5524,997,6522,1585,4224"
10252,10252,"5142,83,2916,9962,4036,9102,10840,4111,4664,10607"
10262,10262,"10835,1220,4117,8922,8235,5532,5199,4053,2903,11643"
10266,10266,"3428,5545,5839,12492,89,10820,1598,5485,5524,13346"
10271,10271,"5532,3870,10835,1634,11282,10608,5199,9072,9942,2140"
10277,10277,"9942,11048,2172,570,331,5293,9404,5999,2218,220"
10282,10282,"1290,2789,7983,4576,6759,5485,2910,11561,6141,12099"
10286,10286,"12030,1400,8567,9962,10663,9646,4387,1290,6811,5573"
10305,10305,"5545,12141,714,11289,4053,6220,13110,810,10891,467"
10309,10309,"3055,7578,2218,1598,10326,11298,5199,10340,4798,1978"
10335,10335,"3539,10607,10336,1244,2885,4576,6811,4111,6812,13101"
10340,10340,"4576,4664,10674,3870,296,11532,1779,3570,1290,5545"
10375,10375,"6220,4798,3950,3485,4430,10588,3644,9392,5297,1083"
10388,10388,"5303,2199,6515,10473,1996,13114,1300,10792,8421,11691"
10397,10397,"3295,10326,3596,4679,2411,8421,6433,9115,4831,350"
10402,10402,"220,89,8235,11622,5199,11784,5532,931,9799,13381"
10407,10407,"275,5303,1978,1634,1180,10916,350,393,560,331"
10408,10408,"9771,9306,851,5946,6515,1912,7439,5485,13214,10340"
10416,10416,"13346,851,3950,12793,11282,9942,12857,9404,8221,10326"
10448,10448,"5545,3950,6220,544,12404,11384,11117,851,220,13296"
10454,10454,"5199,10138,11540,3799,3428,2645,4117,7079,1042,6164"
10499,10499,"6530,7120,12404,10697,3708,8633,12758,5292,5303,2916"
10503,10503,"11403,2140,1290,3870,7723,11540,6326,5199,352,12287"
10504,10504,"9340,2989,10138,2218,9072,1210,851,4576,2903,10063"
10508,10508,"851,1180,2232,11394,4679,12404,10916,3241,2499,13295"
10514,10514,"10608,3055,2567,2789,10916,9449,4413,8590,2990,331"
10526,10526,"13346,11384,5610,9880,5549,12404,7707,8161,11871,3870"
10540,10540,"9306,13214,5610,7439,9942,8235,3055,5199,7024,7120"
10542,10542,"2905,4277,9072,8421,851,4025,350,560,5330,1598"
10551,10551,"1180,652,6220,4679,1598,4974,11384,8562,8846,13028"
10554,10554,"7707,220,393,3055,1978,1210,7578,1634,5199,12404"
10555,10555,"10835,2885,8235,12680,12030,8567,5199,11117,12026,12857"
10556,10556,"5610,3055,11282,11540,12030,13309,2140,10594,9098,12497"
10562,10562,"9072,6637,10340,12857,2199,4321,12793,8707,8413,3106"
10575,10575,"10674,9295,11298,4664,12615,4163,11775,4216,11024,6576"
10576,10576,"4025,9115,8421,761,3781,992,4679,4377,6220,10326"
10582,10582,"11843,2218,5135,12404,3781,723,10326,2004,5303,13296"
10584,10584,"864,12470,3055,10778,9614,12813,7024,3992,11405,12026"
10606,10606,"5303,9942,7392,2905,12793,89,2411,7138,1210,11384"
10611,10611,"1776,1180,9072,2158,6095,350,9602,10986,13383,5758"
10613,10613,"1359,6461,5338,13211,9838,6513,5313,652,1598,1572"
10614,10614,"7707,8235,13309,4250,12606,7787,7619,7706,10326,4576"
10623,10623,"8235,89,7024,220,9229,13296,5524,4315,10537,3055"
10647,10647,"2957,4163,1851,1558,4664,3539,4216,1779,11024,83"
10657,10657,"851,12026,1776,1996,1912,10594,4101,8421,10326,3950"
10670,10670,"11282,4322,11540,1634,275,8161,10138,12990,10326,2291"
10679,10679,"3697,9295,10389,6811,11298,6812,5142,4036,10464,10607"
10680,10680,"11784,10589,3165,3055,13346,11540,4323,2067,2789,11403"
10699,10699,"10326,7899,856,10242,2587,13353,13026,560,6919,7707"
10715,10715,"11384,12857,1912,12990,6166,5545,560,5532,3950,12026"
10720,10720,"10340,13346,9942,10916,1996,11622,5485,1598,7558,11672"
10735,10735,"6220,11403,12058,3305,7087,1299,5502,9459,4615,5545"
10742,10742,"10589,1249,6924,8641,8636,1746,9454,2712,1220,12831"
10744,10744,"5485,1996,6899,10039,4315,851,7305,4322,10561,11403"
10747,10747,"10835,5199,4117,2905,1977,13346,11357,9072,10916,851"
10769,10769,"2822,5866,11969,6402,9942,1323,6306,11999,2164,8516"
10795,10795,"5549,12793,6326,331,5610,1912,976,2905,7063,2140"
10817,10817,"10607,11298,11117,1977,5142,4576,3539,10389,6576,4111"
10819,10819,"1634,89,5303,9580,3055,8413,8235,296,2199,6220"
10828,10828,"10326,8421,1299,6220,1323,5532,13249,6742,10231,13104"
10860,10860,"2789,10916,8562,13346,5545,811,4277,12049,9613,1478"
10868,10868,"2343,9693,5545,5866,11969,6834,10389,12373,11298,8608"
10895,10895,"6638,10916,12857,8221,11282,8413,11540,6515,1996,5303"
10900,10900,"10462,4277,11843,1180,12680,10916,9938,11010,1912,1776"
10912,10912,"13426,4688,10674,4216,2769,5504,12458,10009,11532,3570"
10934,10934,"7138,220,12793,5545,12007,9838,10794,89,13211,13058"
10947,10947,"4117,5495,785,10907,7547,10422,3825,11625,10835,8015"
10950,10950,"1634,1996,9072,5999,11384,331,9799,8205,3950,1776"
10964,10964,"9405,6811,1244,10607,12497,789,4111,2784,10147,8302"
10965,10965,"9942,10608,5549,1210,10340,3870,12857,8681,7715,10326"
10968,10968,"12309,350,12990,4277,10326,8562,2218,12404,2506,7867"
10972,10972,"5532,7707,6971,11540,6903,5199,6326,4798,10778,10027"
10975,10975,"13309,9306,5545,10340,6326,4277,1290,8413,5896,1598"
11028,11028,"12606,12990,5485,10326,3055,2411,10916,8681,5545,7802"
11030,11030,"3697,5142,1290,11532,1750,8733,12680,11651,3539,2969"
11044,11044,"7707,9937,12665,4698,9668,63,12026,3870,2885,5109"
11048,11048,"2905,10340,1598,3035,2411,2140,3515,2928,7128,11784"
11065,11065,"89,236,6515,3870,3055,12665,2291,5199,1747,1220"
11085,11085,"11117,6811,9405,3737,1290,2885,10963,2988,3697,11143"
11088,11088,"12857,4698,10138,6166,5545,9937,8703,5149,8235,9799"
11100,11100,"1851,10674,4664,3539,4576,10607,4036,6960,6576,8714"
11102,11102,"10326,5545,9938,1598,11540,4277,13296,13026,9942,8819"
11105,11105,"4053,10835,5422,6638,785,2903,11357,6811,1273,6795"
11107,11107,"3950,3340,9504,2218,4448,2822,5303,12857,9443,773"
11109,11109,"10336,7707,4250,1863,7120,1290,7725,12339,4897,3088"
11120,11120,"4117,5422,11393,646,8235,5810,6359,7344,10835,6816"
11121,11121,"454,2567,5545,2789,9942,89,220,7578,4602,7723"
11133,11133,"5760,7517,4935,10441,587,6082,4256,2034,10078,6011"
11149,11149,"12680,11843,5610,4576,11622,10340,1912,5524,6982,6971"
11152,11152,"2885,5199,3539,8235,6962,2343,13249,9942,4111,89"
11160,11160,"851,9340,976,7063,4679,6445,8413,6141,560,275"
11163,11163,"12665,9733,2218,11282,3055,12404,11357,12500,7138,1996"
11168,11168,"8161,13296,11282,1244,13309,8562,8590,2380,9295,6638"
11193,11193,"6166,12793,11540,11843,1978,9880,6220,2169,12990,9072"
11200,11200,"1598,9600,3428,1220,10063,2255,9410,6220,5418,13346"
11210,11210,"6971,4777,4698,7120,5303,1590,5810,13101,13296,6445"
11215,11215,"9942,11384,10608,10326,5532,5999,1180,8608,7487,560"
11219,11219,"9962,4664,4036,10607,2885,9405,1290,10674,3737,10147"
11243,11243,"9771,7439,2291,10462,4877,11969,811,1180,1210,12404"
11253,11253,"2969,2885,4111,1977,10581,296,1290,7718,11298,9170"
11261,11261,"4915,10326,6182,1478,5023,4413,9668,12331,4679,7717"
11280,11280,"5532,3909,4388,6529,8274,8354,4117,9132,6971,10835"
11285,11285,"4036,4664,10674,4216,3539,11298,1779,10389,11024,6764"
11309,11309,"9880,6326,1598,12990,5199,4798,9733,2990,13346,4576"
11312,11312,"2094,12512,3055,4880,10989,9748,13191,8922,3522,7491"
11314,11314,"4277,9072,8421,2158,10651,1287,12636,10916,9380,12113"
11325,11325,"12621,11625,10835,11533,4451,8590,4068,13346,7739,12029"
11327,11327,"7707,2218,1983,12606,11103,7071,11615,3088,1767,9570"
11359,11359,"9957,12665,11024,89,11775,6326,4576,9962,2210,3799"
11366,11366,"8235,13346,544,8590,89,820,9744,7578,5532,4602"
11368,11368,"11024,296,11298,2916,4664,9295,11532,10389,10137,4216"
11371,11371,"89,13346,2343,8590,5199,8235,5495,12026,4602,10240"
11376,11376,"89,7138,544,9580,8421,1299,8161,11843,8562,5199"
11377,11377,"10138,4798,1996,6326,11384,811,4413,9455,1598,10326"
11383,11383,"11540,2199,5532,331,5545,11282,11357,11502,2905,3577"
11416,11416,"7763,4861,3816,6815,33,9964,11367,4256,5940,8540"
11444,11444,"1290,354,11532,1244,2916,12497,10607,296,8342,6591"
11445,11445,"2140,11009,10138,12476,7833,2670,2815,6326,3950,9380"
11448,11448,"9693,6834,2537,544,2218,11969,5782,377,1220,8671"
11469,11469,"4413,6971,2958,6373,1957,8922,10241,4021,273,4127"
11487,11487,"11289,7707,12606,11532,5518,2218,6645,13296,7087,9365"
11492,11492,"4798,769,10063,11171,953,11540,9511,5524,4838,63"
11503,11503,"3950,544,7707,11540,6326,11384,10608,4101,7723,811"
11504,11504,"9771,220,10795,4430,10340,2905,1776,1978,5610,5747"
11515,11515,"13346,9942,3950,12857,6220,13110,13150,6008,7707,275"
11547,11547,"6522,1100,12934,3515,811,10916,9072,6925,13257,7197"
11552,11552,"2822,4006,1724,13058,10835,5700,6971,840,6979,8562"
11567,11567,"10326,10288,5386,6220,13346,7138,10063,4974,5545,10081"
11581,11581,"1400,6971,7128,959,4679,8161,11009,11732,953,9340"
11589,11589,"789,3697,9962,11298,9866,10336,3539,9668,5135,7817"
11591,11591,"5303,4425,9901,9459,888,2218,11171,6962,7792,12831"
11595,11595,"9866,12306,5135,1554,3737,9962,10389,11143,10663,12995"
11604,11604,"6971,8421,12680,1996,1534,10594,4101,3743,2199,6515"
11608,11608,"11540,5545,6220,9937,1478,8562,12665,9942,11869,4924"
11627,11627,"10608,8562,11540,1220,7723,11751,6270,7707,10973,5303"
11646,11646,"12665,3055,5545,9942,10835,4698,11540,9937,3950,5999"
11647,11647,"2004,646,7327,1180,11843,9340,1598,5303,4277,13397"
11675,11675,"6515,10608,10916,2291,6220,2140,2218,11282,4315,2343"
11676,11676,"1290,789,13309,9684,12681,8859,9405,3737,12711,2916"
11696,11696,"5386,13214,7707,9570,12606,7558,12990,11615,8413,10986"
11700,11700,"8562,11282,11969,10326,12030,12723,3515,544,11483,8922"
11722,11722,"2916,9962,3697,5135,2784,4111,10530,789,1244,4036"
11754,11754,"2885,9295,8421,5545,5610,5866,5199,1598,10326,10674"
11757,11757,"11384,7707,4036,1220,12606,10326,3539,4664,9564,11886"
11767,11767,"7637,8235,12026,12665,4430,7024,5549,6166,6971,11384"
11773,11773,"13363,1377,4256,9375,381,2877,7250,2975,9733,10707"
11777,11777,"8205,1746,6065,2990,4413,825,2822,12331,8922,1180"
11778,11778,"4163,2957,9962,1558,2885,3697,83,10663,4664,4111"
11788,11788,"4664,11532,4576,3539,10607,10674,11024,3697,6591,9102"
11790,11790,"12857,12680,8562,13101,6220,4877,2380,10326,2158,9962"
11811,11811,"10663,296,1290,5135,5142,3697,8567,2916,10607,4929"
11837,11837,"296,4664,1220,5199,2158,12857,12665,1598,13309,3539"
11859,11859,"11403,2990,5313,12578,10326,12606,11737,12665,11969,11751"
11865,11865,"7637,13296,2020,11024,9668,13309,11384,4101,1400,5549"
11867,11867,"89,2169,11540,6220,4315,976,31,5819,9799,8413"
11871,11871,"2218,296,11532,2905,2916,4890,3539,10607,6960,12903"
11879,11879,"10607,4111,11532,1244,4036,7590,10648,2916,11298,7120"
11880,11880,"350,8562,7138,6962,2158,811,5610,4694,3428,1210"
11908,11908,"9771,5819,8452,4666,8413,362,8169,1240,9306,5303"
11912,11912,"6971,6445,9771,2309,11540,2058,8053,9365,3055,5149"
11925,11925,"12990,4277,9693,6962,2905,10608,64,1420,6326,11000"
11933,11933,"3055,11540,5545,560,13296,12723,4414,4250,10429,8358"
11945,11945,"8703,9668,7637,9962,13296,8302,6220,9405,7707,10429"
11948,11948,"5673,11751,10340,11795,10836,2990,12632,8413,11784,10508"
11952,11952,"10608,331,1996,1634,6515,2218,4315,5303,3770,10138"
11957,11957,"220,3737,10916,10336,8302,11843,8590,11117,9295,10963"
11959,11959,"6326,11871,2140,1225,10326,9410,8421,13346,3770,5249"
11967,11967,"5524,5545,7024,7707,8413,1571,7723,6696,377,5866"
11969,11969,"2916,10663,5025,1977,4576,9942,12606,2712,11540,3487"
11970,11970,"2218,7707,5199,2343,4101,10835,12026,220,560,1220"
11975,11975,"6220,265,89,9942,5545,12665,11878,3088,2903,1598"
11995,11995,"2380,3950,3870,10138,220,4413,12156,454,8922,8562"
12002,12002,"12995,5142,11775,10581,11298,2989,10840,9102,7679,11024"
12022,12022,"1851,4664,10389,83,6811,4576,296,2957,4163,1558"
12032,12032,"5760,10441,10078,4935,6082,5105,2769,6659,162,1101"
12036,12036,"1750,228,3570,3539,11125,2969,7306,4139,10607,11532"
12066,12066,"1978,12857,1912,7063,3870,3950,2343,9942,350,11969"
12077,12077,"1290,4777,7120,4929,1132,11298,1244,10963,3737,2916"
12078,12078,"9580,3950,560,6326,10138,1634,851,10322,331,1180"
12084,12084,"6982,11622,5835,2990,5610,9937,3106,3425,9459,11561"
12089,12089,"9799,2199,5199,3950,9942,13381,3870,5545,275,1598"
12106,12106,"4664,11969,4576,10389,13370,10607,6591,7971,10674,3998"
12107,12107,"12665,8235,11540,5610,3950,10835,9072,6166,5303,11622"
12111,12111,"3950,11540,10326,5199,275,5485,5025,9942,12665,11384"
12131,12131,"6971,8794,10326,2411,2218,3296,10138,1180,1017,350"
12139,12139,"9693,5025,4101,8421,8235,7578,12680,4924,7558,1299"
12141,12141,"89,31,2169,11540,6610,6220,976,4315,2896,5819"
12144,12144,"10607,1290,4036,3737,9866,1244,10644,6576,7120,4576"
12150,12150,"10340,1220,6220,3606,3870,8413,9410,8922,8707,9799"
12151,12151,"12990,9880,11495,331,6968,13296,4277,10326,4438,13346"
12162,12162,"4101,4117,2789,4053,13395,13058,2567,9182,1180,785"
12170,12170,"2957,2343,4163,11540,4576,9942,7971,1851,83,9295"
12182,12182,"7707,10835,2411,6220,3055,220,5422,2218,1996,89"
12185,12185,"1634,2158,10916,1598,13346,12680,10138,5303,8562,3950"
12191,12191,"10608,3950,6326,2380,10138,5610,5199,5495,12470,1996"
12197,12197,"4117,11357,4053,5999,785,11712,2822,8922,5303,13218"
12204,12204,"11024,4576,4664,789,11775,1244,2885,11298,3697,2989"
12229,12229,"12606,5485,1220,12990,2343,3055,10326,10916,717,2411"
12231,12231,"296,3697,7817,11532,11775,4664,544,4576,12665,1634"
12234,12234,"1220,7715,7637,8053,1085,8302,5386,11024,2058,7959"
12238,12238,"12887,8922,10326,11663,10916,2440,12680,6925,7707,4654"
12242,12242,"5760,4935,7325,10078,10441,5105,2034,8911,6082,449"
12260,12260,"8421,9317,13249,5303,10594,6433,331,12793,1996,8161"
12262,12262,"4117,10835,2822,11540,5199,5642,11357,785,2411,1273"
12281,12281,"6971,1180,9668,10778,12606,12680,1230,5025,11751,5545"
12289,12289,"9693,13381,7578,560,10835,5524,64,11886,89,2218"
12306,12306,"10340,11384,12680,5199,9880,6515,2140,220,10916,5545"
12326,12326,"7063,6220,5532,5610,9072,9459,4798,9306,6243,2169"
12337,12337,"11540,6286,3950,3055,9901,9450,11000,2188,377,7063"
12355,12355,"296,4664,10674,4111,1220,6243,11775,10389,1779,4929"
12371,12371,"5545,11622,3950,1210,1598,1978,4117,10340,4798,5610"
12372,12372,"7558,9306,1746,8205,8235,1260,10670,5875,7024,634"
12373,12373,"4861,4798,33,4916,2870,11367,10685,9964,7763,10941"
12390,12390,"7120,12497,12030,2885,6776,5810,12474,8567,61,10963"
12405,12405,"5532,6529,4388,7964,8354,11282,9683,4266,2822,9867"
12407,12407,"7637,8703,7983,4117,8071,12156,5199,12578,12842,9942"
12408,12408,"9942,9229,7707,5545,3870,1978,11969,12606,811,5199"
12419,12419,"1977,5142,10000,8302,1750,10840,3539,2916,10530,7120"
12423,12423,"544,11282,2380,1180,7063,7707,350,2905,10721,4413"
12426,12426,"6610,9960,3539,9684,296,13370,4664,2885,2916,11532"
12452,12452,"11871,3491,1220,4798,8421,4159,9695,10986,13100,12404"
12480,12480,"11024,4664,4576,10389,12903,11532,10464,10674,1851,9883"
12530,12530,"12738,7637,9668,3088,4224,13228,10217,12663,10791,2518"
12546,12546,"7637,9668,8703,4101,8302,5149,12663,10429,2020,5573"
12556,12556,"1290,10663,2916,3697,4664,1977,3539,2969,4625,4036"
12573,12573,"5545,5303,12665,976,4101,7063,3870,10835,1220,3950"
12592,12592,"9472,9942,10206,9693,2218,4006,9454,4284,11985,782"
12596,12596,"11540,5545,6560,10205,12232,6962,64,12787,2031,13257"
12599,12599,"1244,11532,5142,3539,4111,1779,3697,11298,2916,10674"
12615,12615,"2957,4163,11024,11532,4216,1558,13309,4111,9960,544"
12618,12618,"9226,13191,5524,7087,115,5761,8274,12029,13381,4861"
12624,12624,"1634,8562,11540,12875,1180,9580,11282,5549,5610,6638"
12638,12638,"10835,12680,3055,2989,5999,4036,1180,5199,7715,5731"
12641,12641,"6971,1634,811,4453,8161,11532,11368,1180,13026,5420"
12644,12644,"6612,11384,12792,8846,10916,4068,275,4277,7197,6220"
12649,12649,"6243,4698,9799,1977,3562,2885,6971,12622,10332,8922"
12654,12654,"4117,3577,6326,11357,12606,8607,11184,11024,5545,8413"
12658,12658,"9799,1978,9072,7138,12680,5025,10326,8235,3055,2218"
12659,12659,"7120,12497,2916,8567,6812,3737,11824,5142,9101,10963"
12666,12666,"8421,4845,1299,5292,5705,7138,9693,5642,4277,12858"
12669,12669,"5760,1101,10441,162,11771,5610,12857,6082,5105,1912"
12674,12674,"10326,2814,2343,3950,5025,8562,6166,1478,4277,11969"
12688,12688,"12857,5610,1210,9668,544,12680,350,8053,4322,7063"
12694,12694,"1220,2199,4664,10608,3870,4947,5545,2990,275,220"
12709,12709,"6220,11405,8274,646,12404,11843,2905,2343,4679,8485"
12712,12712,"13346,7024,8922,12030,11622,6962,12253,2218,89,5199"
12722,12722,"4163,2957,1558,4216,11298,3539,10137,2916,4576,10674"
12728,12728,"6515,8235,2218,7024,4798,11727,12382,3870,5524,9411"
12732,12732,"5532,3909,8608,10835,1100,6529,13211,8235,11357,5199"
12736,12736,"10916,6326,1912,11540,13249,6515,4277,1978,2140,4664"
12738,12738,"12665,2343,4698,10608,3870,2380,10916,220,1180,10138"
12741,12741,"1180,717,1598,12584,2218,11871,1912,7462,837,3950"
12756,12756,"5199,7439,4877,7024,9942,12470,9247,5946,3088,5375"
12764,12764,"2822,1323,5866,12665,5532,1912,13346,5524,11171,5025"
12768,12768,"11384,3950,10608,5610,11024,6638,9668,12665,7723,2990"
12773,12773,"220,6515,1978,275,1210,10835,7715,10340,4947,3539"
12789,12789,"11540,10326,5199,10916,1220,9668,11282,13346,10138,4315"
12790,12790,"1290,2916,11532,10607,296,1977,354,12497,5810,1779"
12801,12801,"2140,3770,2822,9867,5476,4315,2910,5734,2199,12680"
12804,12804,"296,1290,2969,4111,10963,8342,9684,3989,4929,2916"
12833,12833,"13346,2199,9580,1634,4947,9072,1598,6395,10326,12470"
12846,12846,"4951,1598,566,5866,9365,1749,4602,5584,1323,3945"
12855,12855,"9072,5760,162,7220,7681,13426,7047,449,6515,2034"
12860,12860,"10340,11622,9942,6166,5524,7024,2218,10835,5549,4101"
12874,12874,"4947,3515,6395,11396,6638,5545,2199,5036,10608,11784"
12875,12875,"4117,4025,13211,9692,11282,11405,785,12990,2362,13296"
12877,12877,"3816,7763,4861,9964,8599,11367,10941,7884,33,4256"
12883,12883,"10340,5545,4101,5495,11117,1978,4034,5999,8413,9306"
12890,12890,"8703,7637,12026,1220,10326,13110,6220,2158,3640,9798"
12919,12919,"2957,3539,4163,10674,1244,4216,10581,8635,11532,9732"
12927,12927,"7637,8703,8302,2784,1863,1290,4576,10336,2020,12680"
12955,12955,"7707,89,9799,12793,4332,10608,844,6515,11282,5025"
12956,12956,"1210,6166,3870,1180,8922,5573,8421,3515,5135,2343"
12958,12958,"9771,7439,12680,167,2903,8590,2264,275,4721,7489"
12965,12965,"11540,1912,1978,4101,11384,544,3950,851,10916,1180"
12970,12970,"10326,8421,1323,1299,13249,6742,10462,10231,6220,5532"
12996,12996,"8608,2822,3909,10835,5866,4388,4451,5199,5782,8354"
13000,13000,"4947,8421,5303,8575,8413,6220,3071,3055,5199,5364"
13017,13017,"11024,4664,10389,11775,4576,1851,11969,544,83,9960"
13019,13019,"7138,5303,621,1769,649,11384,9098,1180,4974,9580"
13021,13021,"10916,4414,1598,5545,9570,2140,5819,9455,5642,11384"
13022,13022,"11540,10608,2218,10326,4277,10651,6326,12990,9295,4576"
13063,13063,"3137,12943,5524,3106,8235,7578,4608,4947,5577,12958"
13075,13075,"5722,11532,2834,5142,1244,11775,3697,208,6610,6243"
13076,13076,"3950,5532,2199,6326,1912,4117,454,89,4685,7079"
13101,13101,"4117,2822,11357,1180,11540,4277,5999,10063,6220,4525"
13105,13105,"6610,5722,1244,11532,5142,208,10607,8714,2969,11775"
13115,13115,"7983,5199,2218,11171,5524,2567,13191,7024,3086,12253"
13117,13117,"4664,11024,1220,6610,11918,3720,1779,3570,3539,10389"
13121,13121,"2789,2567,11384,11622,2990,6515,6166,1776,12331,9443"
13123,13123,"11024,10389,13370,10674,2343,11532,171,8650,7553,4890"
13125,13125,"3515,2199,11396,6395,5124,177,7824,8562,5485,2762"
13147,13147,"331,5731,2411,4025,8819,4845,9938,717,11394,10063"
13151,13151,"1912,220,3055,851,4798,11540,5303,1996,4322,1598"
13153,13153,"2156,4928,4516,10916,5292,10158,8294,2755,7754,8407"
13176,13176,"1290,10389,8635,83,10663,9960,5672,11775,4576,11298"
13180,13180,"5199,6326,4576,11540,6611,4664,11403,4101,8346,3909"
13192,13192,"3870,10916,9942,5610,1210,10835,5495,4664,8562,4256"
13194,13194,"5545,2567,8235,454,4602,9942,3055,2789,89,11784"
13195,13195,"1634,9942,6638,10608,9443,1978,3577,4322,5199,12665"
13198,13198,"1598,4798,10063,11540,3430,4615,9729,2905,2411,6926"
13231,13231,"11540,11843,3950,7172,12680,7707,13346,12857,2291,1634"
13234,13234,"393,4533,7471,12635,12096,560,4250,2969,12665,13296"
13240,13240,"3035,13370,12611,6220,4111,2411,6096,4916,4117,8635"
13273,13273,"2402,5545,13346,1180,8221,8421,6220,6461,3766,1912"
13276,13276,"331,11540,12793,3950,11282,2905,1598,3515,7138,5532"
13283,13283,"4679,7138,1622,5887,10462,10093,820,11937,2218,12476"
13297,13297,"1912,13346,8161,5485,9340,1978,5545,2158,2169,12665"
13301,13301,"6166,13346,11384,8413,2199,12665,7723,5199,6326,12026"
13303,13303,"13346,10340,11622,7578,6326,10608,11384,8413,8922,6220"
13321,13321,"9405,10607,4576,2989,8302,3737,1290,11298,2916,5135"
13330,13330,"3055,4698,9937,5545,9580,5149,7637,13296,89,5573"
13338,13338,"11298,1779,4664,3539,2885,13309,9295,4111,1244,12497"
13380,13380,"5485,9306,13296,4266,4413,275,7983,13346,2158,2140"
13389,13389,"1290,7120,4777,4929,11298,1132,2916,3737,1244,10963"
13390,13390,"5532,10835,4117,3909,3870,4053,6529,4388,2822,4798"
13391,13391,"9295,2664,10530,8090,13309,1290,12497,8859,11464,10336"
13401,13401,"11540,12665,6326,13346,6638,3950,8421,10916,5545,544"
13403,13403,"2957,4163,89,1180,4315,8636,3055,1400,7637,8221"
13407,13407,"296,4216,4036,11479,2004,1897,6442,3539,6812,9960"
13413,13413,"1210,851,1912,976,6815,9072,2123,3960,2877,5940"
13414,13414,"9295,4929,10581,2969,2885,5142,10607,1400,11298,296"
13446,13446,"331,851,10608,560,13346,7637,8703,9799,2343,9942"
13472,13472,"851,1851,4216,13205,83,10137,4664,9732,4277,837"
13488,13488,"13346,2337,11622,3055,7024,12813,5476,13381,3106,12568"
13502,13502,"2343,5142,10607,4664,5135,4036,1779,5008,9837,13309"
13507,13507,"2969,2885,4111,1977,10581,11532,3697,296,9170,3989"
13512,13512,"3950,4798,9455,8413,2882,8562,12857,3055,3996,10340"
13543,13543,"8421,4118,3319,4025,5420,3781,467,2218,12990,2411"
13572,13572,"1299,9234,10916,1180,10027,12779,10326,11394,2636,7197"
13595,13595,"1244,2218,65,10677,1750,13191,2286,8922,61,12058"
13599,13599,"9942,4117,4664,3428,3799,3055,5545,811,544,13110"
13608,13608,"11969,5499,5524,10986,7983,6593,63,9038,12029,12322"
13609,13609,"4861,7763,10941,6815,3816,11367,7973,2158,12857,4256"
13630,13630,"89,9942,931,2990,11784,2218,12665,10835,3950,11969"
13635,13635,"12680,6515,851,5025,275,5610,9580,5303,1634,4322"
13645,13645,"2789,2567,6220,1572,5199,8922,4924,3950,454,4602"
13673,13673,"8421,8413,4117,5199,1478,1978,10608,220,2140,5025"
13683,13683,"10677,2343,1453,12404,11784,8235,13346,1299,9459,5545"
13702,13702,"2199,3055,8413,8235,7715,1220,9668,12026,11384,6962"
13716,13716,"5199,1598,10916,3766,5532,10608,12665,9072,7138,220"
13724,13724,"9962,2969,3088,13309,1244,11024,54,3238,10137,12680"
13746,13746,"4266,8421,1957,3071,11886,2789,4924,9361,5545,331"
13752,13752,"10434,9354,11540,10566,1244,2453,3870,9942,705,6283"
13756,13756,"4387,1290,4083,1132,5573,9646,1977,12030,2916,3737"
13763,13763,"4664,6811,9960,2372,11125,11024,3697,10607,4111,1779"
13774,13774,"11540,544,7707,6220,12606,13296,11403,7120,5545,8188"
13776,13776,"10147,10963,7856,12762,12811,1750,9102,4111,10607,3539"
13786,13786,"10147,3737,3697,2988,2885,4111,11532,7120,1290,2969"
13788,13788,"6515,7138,4277,9340,10707,6971,5760,8421,12404,10537"
13791,13791,"11532,12615,11024,11903,10674,4890,3722,12995,8475,10607"
13810,13810,"7792,3358,3960,12226,4256,5197,8257,7220,9375,2541"
13811,13811,"10138,1180,11282,1634,6638,11384,6339,9602,5412,12404"
13820,13820,"10607,8562,9942,4036,5135,7120,7590,11024,5318,151"
13826,13826,"789,4413,7491,13296,9733,89,8183,6270,10916,11282"
13840,13840,"824,11289,5303,4117,4798,2218,6962,5179,11377,9942"
13841,13841,"349,7707,3870,1220,10340,4608,7723,9867,3499,9454"
13852,13852,"4995,5199,8671,10835,5532,3566,131,5485,3509,8188"
13858,13858,"3515,4698,2199,5966,11396,6971,1957,11488,3071,10608"
13865,13865,"1180,5545,4277,393,12635,331,5573,12404,4533,560"
13871,13871,"1180,5303,4277,350,10063,9938,10326,5386,2411,4974"
13877,13877,"89,12026,11384,2158,8235,2343,12680,13346,9942,9962"
13905,13905,"10326,12857,1180,4798,3950,9880,2158,8421,12990,6326"
13924,13924,"5135,6812,4664,1851,6576,10389,9102,11298,4216,10674"
13929,13929,"5999,10326,7138,12813,646,11572,13249,2140,5549,8562"
13935,13935,"4101,11622,6962,4413,851,8590,13346,1180,10916,5532"
13952,13952,"9405,6811,12497,10607,1244,9962,4111,789,296,3539"
13953,13953,"7578,1400,789,10663,2885,9295,8650,9962,6515,10000"
13962,13962,"7578,3950,8421,1912,2169,9668,10138,220,12680,4322"
13965,13965,"914,11211,2903,10835,9532,11869,4602,1478,3491,11403"
13966,13966,"13346,851,4413,1912,11843,10326,10608,2789,2140,560"
13974,13974,"11024,11532,3539,4216,12995,4664,4576,11775,13426,9102"
13982,13982,"10607,10663,4111,3539,10336,11024,1851,10674,6962,1290"
13983,13983,"4117,5199,1598,5553,3380,1747,11804,4199,4332,2199"
13987,13987,"5760,12990,9375,6815,8257,3960,5940,5789,7973,12648"
13988,13988,"4664,11532,2989,10389,8635,11918,9960,10232,13370,290"
13991,13991,"6326,3950,11540,9580,12857,7792,9602,4413,9880,13346"
13995,13995,"7578,12680,8053,9942,6522,3340,4277,4101,6515,6270"
13998,13998,"1223,10027,4974,11282,2140,1912,1634,12839,5549,9309"
14021,14021,"10639,6220,5495,13296,1767,13249,7707,4664,4995,5532"
14028,14028,"5999,2343,6638,12665,3950,9580,1220,8922,10326,5532"
14042,14042,"5545,12606,2969,3467,9600,7446,1891,3870,12435,10034"
14049,14049,"8703,7637,2020,5149,12663,8590,5999,8235,6474,1337"
14060,14060,"13058,5177,1273,2411,2494,997,5199,7547,8505,8279"
14061,14061,"13296,1978,13309,544,12606,6166,10429,4250,5545,9570"
14067,14067,"7637,2885,13296,2622,2916,5149,2020,10663,3088,10322"
14079,14079,"8421,12026,11561,6141,3950,6742,6220,3055,6445,992"
14089,14089,"11540,851,11843,1180,544,3950,4101,2140,10916,6220"
14097,14097,"1598,7800,11394,9733,9950,5303,11097,12858,10916,2158"
14105,14105,"296,7047,11024,13426,10674,786,4216,162,10194,7220"
14147,14147,"7063,6220,4576,9942,220,3950,331,2140,7715,9306"
14155,14155,"11540,10241,12606,8562,5545,3870,10340,10835,7558,8421"
14168,14168,"10138,9072,1223,12026,1180,7063,4679,12404,9380,7558"
14170,14170,"10835,11024,10340,10326,10607,2343,1978,12026,8562,10138"
14173,14173,"2989,5545,11298,10607,5532,5199,8703,4117,9295,4216"
14174,14174,"12990,1598,13346,7138,2140,2411,2580,9968,6591,4679"
14196,14196,"220,11540,9942,4117,11622,454,8205,11403,11282,6326"
14197,14197,"2199,12857,1210,2885,12071,12758,13301,1634,9340,2958"
14202,14202,"8650,4664,11024,11143,3305,9102,3998,9603,10674,4111"
14204,14204,"9306,7063,13214,5946,12871,10462,7578,8053,9668,12857"
14215,14215,"6220,5532,12857,560,5303,5485,851,5545,2789,544"
14242,14242,"11282,10138,275,7063,6166,4798,1912,6638,2169,3870"
14244,14244,"6326,11871,8421,10326,8413,2140,7900,5025,1225,1634"
14249,14249,"11992,9962,9866,11117,11969,8302,11403,9668,13309,9015"
14250,14250,"5485,1290,4861,2870,11775,3722,11992,1554,10687,5142"
14256,14256,"12793,9409,2140,1996,6115,2199,4798,13295,4315,8132"
14258,14258,"4664,10663,8714,10674,10137,1851,11903,13418,9229,5969"
14280,14280,"557,9800,652,4277,4679,7983,10778,9719,2343,3365"
14318,14318,"2343,1767,6834,12665,9942,6220,5866,3428,6971,1892"
14325,14325,"13026,1328,2218,8562,11540,4492,992,5303,1996,3678"
14328,14328,"11775,2343,8635,4277,544,11024,3305,4664,1779,12723"
14329,14329,"13346,8607,9229,1978,9942,2587,11775,9880,10869,4602"
14344,14344,"1912,560,8562,9580,12680,11969,13346,2140,7063,5025"
14366,14366,"11651,2988,8302,3737,12497,1750,9962,2885,11569,633"
14421,14421,"12615,4216,10840,11903,10194,3570,11532,10674,8034,11298"
14430,14430,"9234,9072,10138,7197,6517,6925,4277,9938,11000,7063"
14435,14435,"275,8562,2199,13296,2990,12575,12887,2158,730,10340"
14472,14472,"5199,2218,7900,2494,5642,10288,13058,2905,1579,2822"
14501,14501,"10340,3870,9942,2199,4216,10674,7063,1220,12606,4545"
14509,14509,"11540,8161,2789,13346,3870,11384,851,7578,1912,9580"
14516,14516,"11540,12156,11403,6166,6515,220,2343,1996,6638,13346"
14521,14521,"5199,1598,3766,7138,12857,10608,9942,393,13123,5999"
14553,14553,"7236,8995,9942,3781,12322,8413,11289,8922,6709,2411"
14561,14561,"11540,12665,5545,9942,2990,7723,12606,7707,11869,5199"
14562,14562,"3428,11540,6220,5545,64,11403,13346,12606,1598,3583"
14567,14567,"1912,1634,1180,4117,2343,5303,11843,12026,4101,2140"
14575,14575,"11298,10607,296,4036,544,4929,1290,9962,2380,3539"
14581,14581,"5532,3909,1210,8608,2199,12793,6529,1978,5199,10340"
14627,14627,"2567,9942,5545,89,454,7578,13346,8235,220,2789"
14634,14634,"11540,7707,12026,5545,11843,9942,10078,6220,449,10916"
14651,14651,"1590,5303,12787,12015,12026,7578,2199,12680,8354,6520"
14659,14659,"7578,5999,13058,4117,10835,11712,785,5177,1273,4053"
14670,14670,"9580,2291,5199,1220,12665,1180,10326,4277,2158,1978"
14684,14684,"5485,12606,7707,13346,12665,10429,2327,9962,5375,9570"
14691,14691,"13346,1634,8922,7063,12733,9963,12680,5610,9229,2291"
14695,14695,"296,376,89,1244,1400,12497,6586,6243,1290,2885"
14705,14705,"1210,788,5940,6730,3960,3429,13026,8366,10442,12024"
14711,14711,"12990,9937,1978,7707,89,2169,5303,4698,331,4798"
14723,14723,"2199,851,1634,4798,5199,220,1912,11784,12156,4947"
14739,14739,"9295,11298,296,7864,10674,11532,9102,4890,2969,4216"
14740,14740,"9229,177,3515,8520,5896,3870,7138,6971,9098,5642"
14743,14743,"13346,4117,2199,11357,89,8699,11298,7578,13381,976"
14747,14747,"1180,4277,9942,350,296,851,13346,4679,11843,1210"
14748,14748,"5545,9942,454,89,2567,11784,9580,12784,13346,4602"
14764,14764,"12497,1180,2567,2789,8413,6515,5199,5524,9449,4929"
14771,14771,"7637,2380,13309,12606,5495,3870,7707,2343,9942,5485"
14780,14780,"1634,9580,560,10651,9340,4322,7138,1598,2158,2291"
14784,14784,"6071,10326,6302,7480,13346,6788,851,2499,6381,4974"
14785,14785,"10916,13110,9600,4664,1598,5545,12680,11010,13150,5169"
14798,14798,"2343,11384,13346,10835,8235,89,3055,11403,3870,12665"
14801,14801,"1754,5025,544,2343,4664,1978,6326,11775,9693,9229"
14803,14803,"9340,976,851,810,4679,1210,12793,5485,7063,2169"
14821,14821,"810,4679,560,13346,2958,2158,4974,4277,10100,6971"
14832,14832,"6490,12364,9879,10176,13397,12846,4756,6030,10801,10058"
14833,14833,"7707,2218,1042,2343,5999,8562,4277,1468,2411,7064"
14853,14853,"8421,8575,6141,9799,37,3950,12026,9580,9937,11282"
14854,14854,"7578,7899,11282,5610,1996,4679,2199,5866,220,10594"
14856,14856,"6220,13381,4315,5999,646,13296,6751,10820,12768,7130"
14858,14858,"2343,4117,11980,5532,6971,3464,2220,9221,8205,7316"
14864,14864,"13346,2140,3870,12857,9729,9306,11384,3697,5303,2343"
14867,14867,"11298,3697,10389,6576,4576,11775,10607,13370,11024,4036"
14880,14880,"9942,4664,12665,8562,1210,11024,10835,4277,4576,10916"
14890,14890,"11540,89,3870,9942,3950,11784,931,1776,12680,6899"
14892,14892,"2218,9693,12779,220,7983,5545,10326,7019,89,216"
14899,14899,"10607,544,6610,4036,9962,5135,11024,3055,10648,13309"
14904,14904,"2343,89,3870,3055,8235,4053,4117,4430,11384,3909"
14906,14906,"1244,4576,10607,7120,6576,5672,12903,10674,9962,3539"
14909,14909,"6383,2877,5760,13383,9209,9375,6487,11533,3987,899"
14929,14929,"4698,3870,9937,8922,10462,5545,8703,3382,481,3515"
14931,14931,"544,13296,7707,7637,12606,13309,9668,7706,8703,3122"
14938,14938,"8235,1598,10326,2411,12249,12026,931,3809,12008,1299"
14955,14955,"11384,6166,11403,13346,10027,8209,8235,8608,796,11969"
14961,14961,"12990,1978,9072,6515,10340,8562,6326,11282,2380,9733"
14969,14969,"2916,4111,1290,3737,9102,11532,10336,3570,8993,10607"
14970,14970,"331,1180,851,9072,8421,6632,2004,560,350,1776"
14977,14977,"5545,12665,11384,5676,5495,8412,6961,5199,4277,10326"
14991,14991,"5549,646,4798,12846,10058,4877,12668,2265,8922,12606"
14993,14993,"9580,3870,10608,8421,11403,7723,13296,8205,6220,5532"
15009,15009,"820,8421,3055,2199,5108,3950,11540,7327,8161,5303"
15014,15014,"4664,10389,10607,2693,8475,9960,3238,11903,89,11532"
15028,15028,"11532,10000,2916,1977,1750,4111,10840,7120,5142,10530"
15029,15029,"4572,13257,5610,1996,11282,10707,2199,6326,13110,12029"
15030,15030,"10138,13346,5545,4430,9942,2199,6220,5199,13381,12662"
15033,15033,"4101,1634,5610,9668,2905,4117,10326,5532,12990,1996"
15052,15052,"9234,12990,1180,5386,717,7197,1328,350,1776,4974"
15062,15062,"13346,12990,12793,4798,2169,10340,1220,8161,3870,6971"
15074,15074,"4036,3539,4576,10607,11024,10663,3645,12665,10537,134"
15081,15081,"5532,3799,7867,5610,8608,3428,64,3909,11384,1763"
15082,15082,"5760,11757,449,9375,8257,13383,10441,11533,3733,6640"
15097,15097,"8161,11282,9771,11622,851,10608,6971,6982,331,8922"
15098,15098,"9799,2822,6166,11622,13346,7745,6270,10835,1700,5999"
15107,15107,"11024,3539,1400,11298,6576,4111,10674,5142,6811,10663"
15113,15113,"1826,13296,4664,10063,11939,393,9455,11282,12857,3310"
15120,15120,"10326,8421,1323,13104,2411,13249,7470,12927,10231,715"
15121,15121,"6326,10340,3950,11540,5610,12665,13346,12857,11622,12990"
15122,15122,"12026,1180,2140,12857,12990,10138,9072,11384,4947,4413"
15141,15141,"11384,11540,9771,4576,12665,149,8562,6515,5386,8590"
15143,15143,"11282,5610,1912,9072,1634,9580,6433,220,12990,2140"
15148,15148,"5549,3055,3725,7079,5199,9375,1217,10326,11691,12665"
15164,15164,"1996,8421,5386,13026,5303,13110,6501,9602,9938,12688"
15165,15165,"2140,1225,6326,11871,9410,10326,5545,7900,3428,9292"
15175,15175,"10608,4277,10916,7707,2158,6326,10138,2140,10326,13249"
15186,15186,"8090,5135,6243,9405,5142,2916,11923,2969,296,13101"
15189,15189,"2380,9942,2411,11969,13211,13406,5495,1180,13150,2343"
15200,15200,"717,13296,10326,7197,7707,851,5303,4679,1598,4277"
15204,15204,"10916,9942,9072,1598,7707,4277,331,6220,1299,5485"
15205,15205,"3870,8562,93,11615,10138,8090,7707,275,10674,4798"
15217,15217,"6638,11384,6220,1180,12665,2380,2567,3670,9410,12026"
15240,15240,"10389,11775,11024,208,10137,10840,10607,4576,4664,9732"
15248,15248,"9937,5149,7024,11615,7637,4698,6040,4250,8235,2303"
15253,15253,"4798,5199,2169,560,220,10916,12857,1978,10835,4117"
15256,15256,"1634,2158,7138,1978,11540,9395,2899,12404,10894,11368"
15260,15260,"8413,8813,9332,8590,4413,8562,4469,11784,6270,4679"
15265,15265,"6638,11540,3870,6326,1978,1220,1180,10340,2218,4608"
15274,15274,"851,11533,11337,11757,7127,2770,2877,4560,13383,6640"
15275,15275,"12026,9580,6128,2199,4798,11540,2411,6515,6418,1574"
15282,15282,"8562,5545,544,1180,8922,560,2140,275,5549,6166"
15294,15294,"11406,5532,9443,4053,9128,6092,3950,5097,13362,13346"
15304,15304,"1400,296,13309,10336,7817,9295,4036,11298,11117,4111"
15330,15330,"11829,6220,3428,8505,2013,9600,13306,13110,275,9613"
15331,15331,"3055,11384,5999,5532,12665,9733,2380,5199,4053,10524"
15332,15332,"449,5105,11757,11239,1101,5760,6487,5940,9688,11484"
15339,15339,"1767,2339,4250,5484,2303,12606,10429,3487,3852,1487"
15387,15387,"5485,7707,7637,10429,12606,544,4101,9937,12665,2058"
15391,15391,"1871,4413,13296,1598,18,1478,7707,12606,6418,8454"
15396,15396,"13346,6326,4413,11843,9580,4101,3055,2380,6107,9799"
15397,15397,"2199,5199,4315,9942,9668,3870,534,10340,5532,4798"
15421,15421,"9306,13214,12871,7063,5946,10217,275,10776,2343,6742"
15427,15427,"5142,7120,4111,11532,12903,3539,10607,4576,4664,8650"
15434,15434,"4576,9962,11298,9295,2969,6243,3539,4929,2885,11117"
15441,15441,"1286,2332,4690,5621,305,12421,476,8479,8562,13072"
15444,15444,"11903,11103,8412,220,1220,2799,4266,11615,7558,11878"
15457,15457,"1180,9799,851,4679,5303,2004,646,1996,8421,89"
15466,15466,"11384,6638,1776,1978,3950,2789,4277,8562,2169,11282"
15475,15475,"12857,220,1978,11843,10340,5610,6982,4413,11540,5485"
15483,15483,"5532,5199,1912,12665,3539,5142,11117,11775,4388,4117"
15487,15487,"8235,89,7024,275,3055,6509,5199,5524,2199,2012"
15500,15500,"1082,1763,5495,4088,6287,12792,4229,9072,9817,1862"
15511,15511,"9032,3799,2411,9942,13249,12611,10733,8505,13375,4053"
15515,15515,"8505,3077,1478,3023,4413,5524,9942,8562,2335,1042"
15519,15519,"12680,5545,7578,10778,7024,11405,2380,9410,6971,10288"
15534,15534,"2343,9693,5545,12665,7120,11969,9942,6834,8608,2537"
15545,15545,"4664,11024,1779,3539,10137,3570,10336,12903,3697,10389"
15553,15553,"9960,3539,11532,10389,8910,9746,12606,3570,1779,6189"
15556,15556,"8235,8703,1286,11540,10340,11180,8293,11825,2990,6882"
15564,15564,"8161,9580,560,7063,6326,2343,11540,10835,13346,1996"
15567,15567,"4163,2957,10607,10674,1558,4216,7120,11532,3570,83"
15582,15582,"12857,6638,9668,7063,11384,8205,5610,10608,12875,8161"
15585,15585,"8421,4974,1180,9340,10594,9602,3781,10063,350,2506"
15587,15587,"5199,3055,12680,1210,8562,11540,1598,5545,10916,5025"
15589,15589,"2380,12793,6515,8413,6971,10326,12030,4315,5999,5303"
15590,15590,"7477,12648,449,13426,4560,2123,3359,8356,2026,10442"
15595,15595,"2885,11691,12030,3069,12648,6011,10707,6875,6971,8922"
15611,15611,"3697,13370,10607,6610,2988,4111,9684,11532,5135,296"
15613,15613,"89,9942,931,2990,11784,2218,3950,3870,11969,6638"
15632,15632,"5166,362,634,2375,10462,10835,12029,7246,9454,6422"
15633,15633,"10326,9072,8161,2169,7138,5199,7578,8562,4413,10241"
15639,15639,"3770,1180,7983,5199,9365,4262,1996,11622,5481,4266"
15648,15648,"1180,851,9799,4679,2004,10594,1634,12779,1996,9115"
15652,15652,"1634,4798,9580,12793,9340,2158,1400,2169,12404,9178"
15683,15683,"13296,5532,6220,7707,6515,9580,5545,3950,9942,12606"
15688,15688,"1210,11540,6166,646,1978,1598,6220,2822,11910,12793"
15703,15703,"10340,10138,13296,11540,454,275,3055,9942,5549,3950"
15708,15708,"3950,6166,4213,9382,1156,11411,8922,13314,1165,9409"
15714,15714,"13249,1017,11624,717,13211,1598,2380,6461,9880,3430"
15719,15719,"4277,9953,12990,12067,11495,696,9234,135,11288,4025"
15727,15727,"7723,6395,1220,6515,8161,11540,6638,10462,2670,11403"
15728,15728,"4430,12030,1400,4387,8302,789,11117,5573,12474,9646"
15735,15735,"8356,10707,11757,12539,4641,6613,5760,4935,6306,11533"
15736,15736,"11540,275,7138,2380,1180,9942,2140,12026,11384,7063"
15739,15739,"9295,3539,3697,9960,4111,5142,11532,1244,11024,9962"
15742,15742,"3950,4798,11403,10340,2199,3055,4576,4068,1598,12606"
15764,15764,"1180,1912,5545,1978,13346,2158,350,9580,1634,11590"
15773,15773,"10916,11622,11282,6982,7063,851,2169,5199,9771,12793"
15774,15774,"296,10674,12030,10607,4216,11903,10194,2957,3570,10840"
15786,15786,"11532,6610,6576,5722,11775,208,5142,2969,8714,10607"
15789,15789,"851,12857,9580,13346,4277,11384,10326,10340,5532,4025"
15796,15796,"7707,2343,3870,1977,10063,7063,4322,25,1598,12787"
15800,15800,"8562,10608,3950,7578,2218,1244,851,5199,4101,2822"
15802,15802,"5573,9295,3539,10137,13309,9962,10229,9960,5142,4111"
15812,15812,"11001,1220,992,5545,64,7983,10063,1210,9410,1684"
15815,15815,"7138,1634,10340,3870,2169,12636,5241,9578,11000,7633"
15828,15828,"6326,837,8413,11993,9880,10916,7138,1996,9409,8421"
15831,15831,"11298,4664,3697,6811,9405,13309,11024,12857,10674,12026"
15840,15840,"7063,9072,6515,7138,1978,9340,12857,1634,331,2380"
15845,15845,"12990,4277,4101,9072,1634,10608,8053,220,7723,10326"
15847,15847,"10336,5545,4664,13346,2158,3055,10737,2343,13370,2218"
15856,15856,"13346,10916,11843,5549,1180,2169,2905,10340,8575,4798"
15861,15861,"4163,2957,1558,4216,1851,4111,83,1290,2885,4929"
15862,15862,"11903,10674,11532,4216,10607,7679,3570,10840,6610,5969"
15871,15871,"7707,5545,13346,5199,8235,10776,3909,8413,6529,7715"
15872,15872,"11540,1180,10340,3055,13346,1776,89,9880,2990,6899"
15883,15883,"1977,3539,9170,4664,7707,11143,11903,6322,1290,6811"
15886,15886,"2343,5149,5669,7545,6456,5484,4250,1588,1239,6283"
15888,15888,"1598,5022,9600,1220,773,1903,12787,11624,6220,10106"
15898,15898,"2218,2866,3275,11540,12249,1249,3539,4216,11403,4312"
15919,15919,"3950,6326,12793,1996,976,8608,13058,1912,10340,3909"
15922,15922,"9866,12615,11298,3570,9960,1851,3121,8475,9102,3697"
15931,15931,"5532,8567,4576,544,9942,5199,10644,6576,2343,2916"
15941,15941,"3428,4798,3950,6220,1082,3799,5303,1598,2218,6461"
15943,15943,"8161,7063,2169,6515,5610,9306,6899,11282,220,13114"
15956,15956,"13112,3428,6164,89,6504,4685,11010,9421,717,5524"
15958,15958,"7707,6568,7383,10326,3743,1299,6418,6971,9247,12857"
15960,15960,"851,9072,10835,560,11843,9668,2169,2199,8567,11540"
15973,15973,"11298,4664,11024,208,12903,5979,11775,3570,10389,2419"
15977,15977,"4734,3570,11775,6243,5142,10674,1613,9170,9102,10840"
15994,15994,"4413,2990,5199,5485,12857,89,2380,2905,2789,6326"
15995,15995,"9405,10322,8302,1290,10607,10963,3737,5135,10147,11923"
15996,15996,"5545,13211,4036,2916,3069,11357,8922,4139,8018,560"
15999,15999,"220,851,10340,12026,10608,6962,1912,1996,12404,1598"
16060,16060,"10607,6576,10389,4664,1400,9960,3697,7120,3539,1244"
16069,16069,"1978,851,462,646,12990,6925,12606,5199,4928,6433"
16076,16076,"1290,12497,7120,12680,2885,1977,7138,10462,5055,13296"
16085,16085,"12857,350,13100,4861,10941,11999,6815,4916,3950,7763"
16089,16089,"12331,8922,12680,5999,2380,10792,9668,2990,331,10326"
16097,16097,"331,544,6326,10138,9580,12857,10916,9234,851,275"
16112,16112,"12665,9072,2199,4413,3770,5199,9800,5545,331,9295"
16116,16116,"10916,11384,11540,9942,4315,837,275,2169,12875,6515"
16137,16137,"1634,1180,350,10462,5199,10916,2291,9072,12793,2169"
16150,16150,"11540,11843,1180,2140,12665,4117,9799,3515,6166,11282"
16174,16174,"13296,7723,4413,2990,3055,8562,4277,12990,5549,10326"
16176,16176,"5549,6971,3950,8922,12857,6962,10916,4413,8235,2380"
16210,16210,"11666,11495,9684,11051,7623,5303,1290,7030,5747,10068"
16212,16212,"10336,4861,11405,2990,652,5545,6220,5199,6200,1244"
16230,16230,"1180,4679,4974,6220,652,9799,9693,11672,7138,10916"
16245,16245,"12990,4277,544,12680,275,2158,6128,1634,1681,8205"
16293,16293,"8562,11622,11384,220,1220,1180,454,4947,10340,3340"
16299,16299,"3697,11298,7817,4576,10674,1779,11775,9295,6811,9170"
16300,16300,"7707,7637,11103,5149,8703,12606,2058,12663,13296,10777"
16303,16303,"2380,6638,4679,1634,6107,5999,4277,976,10608,7063"
16305,16305,"4664,3539,11024,1779,3697,10137,3570,89,11969,10389"
16314,16314,"1180,13150,1912,10326,717,11939,2380,9880,5658,11394"
16328,16328,"11540,9229,4413,8302,9405,10340,6326,4117,6166,12857"
16340,16340,"7817,6395,2199,3515,11396,1957,10336,5124,8619,9962"
16351,16351,"220,544,13249,1634,10326,8421,4798,9115,5485,10674"
16363,16363,"3870,7063,287,9942,12665,3895,11540,275,11403,7024"
16376,16376,"9668,3055,7063,11540,5303,331,4798,1180,6971,8562"
16387,16387,"2140,10326,11871,1225,6326,8421,8413,10242,11540,6971"
16395,16395,"1978,5545,11282,1210,11540,10138,10241,5485,10608,7792"
16414,16414,"7707,4101,11622,6982,6971,3055,6166,5966,6326,976"
16416,16416,"1978,2380,12680,8053,1912,4430,10608,7063,6638,6166"
16418,16418,"1634,12026,89,1290,10608,9942,5573,11540,11298,7817"
16471,16471,"10607,4576,10674,4036,4664,11384,2989,11775,9962,1290"
16489,16489,"8421,8562,1634,12875,5303,11843,4679,7197,13114,3950"
16497,16497,"5199,8922,3055,5610,11189,4875,6962,11622,11384,9306"
16509,16509,"1978,2380,4413,9306,1220,13296,4277,8590,10608,2199"
16510,16510,"2789,5545,8413,2567,12990,9942,5819,2158,1598,11622"
16521,16521,"11024,3539,10607,10663,11298,9962,4664,3697,4036,10389"
16524,16524,"5760,10442,6306,7325,6011,8257,5105,6815,7250,9040"
16582,16582,"8235,10677,9799,1299,377,11884,13121,11171,2238,8302"
16592,16592,"8567,2343,10916,1290,12030,1977,11384,12026,12665,2784"
16604,16604,"4664,11532,11298,13101,11024,11903,3570,10389,12903,4890"
16605,16605,"7723,5549,9799,5124,12665,9937,2789,13086,1180,13114"
16617,16617,"11024,3539,4111,10663,9960,1851,11384,10607,10336,3697"
16622,16622,"4576,2989,10674,3539,11298,4216,11024,6576,10137,10389"
16624,16624,"11540,4602,4947,5761,4332,953,10462,9455,5022,63"
16628,16628,"89,4117,2343,2199,13346,5760,9165,9375,5105,5940"
16633,16633,"4777,7120,5485,6220,4664,11532,3305,3989,5502,3539"
16646,16646,"7707,11384,1978,10326,1634,9937,9942,6220,5149,4576"
16651,16651,"1776,9229,2199,8421,1978,275,9942,1996,6811,646"
16654,16654,"2140,8161,1180,10792,3106,1912,2291,6926,12813,6971"
16673,16673,"4947,6395,7138,12793,9733,5545,11540,1378,1244,6971"
16675,16675,"13346,3055,6586,89,9942,6220,9067,12793,3870,9072"
16677,16677,"5199,9072,6220,6515,10835,4117,13381,5549,12857,2905"
16679,16679,"11540,275,12680,3055,8562,2218,11751,11117,7715,8018"
16686,16686,"11298,9962,10336,4664,3539,4036,1779,3697,11775,7817"
16695,16695,"12026,4277,10138,11384,10594,4679,1180,11540,3515,2218"
16704,16704,"13346,9937,275,12026,2343,10835,1598,1478,4698,9093"
16709,16709,"13346,2903,2580,10537,11969,10835,1220,5025,4602,3606"
16773,16773,"4608,4323,2140,1210,11403,1225,851,6945,163,6096"
16774,16774,"11540,10326,13346,4277,1323,7063,2140,8235,3055,3950"
16797,16797,"9942,2990,8221,4798,3317,3515,10345,12784,4947,4162"
16803,16803,"2140,5610,7063,1634,9942,9668,1180,12026,6567,9306"
16804,16804,"12680,6096,8019,1249,5160,7392,7079,9234,11540,6442"
16806,16806,"11387,9454,13214,7707,5946,1220,8562,4666,2218,5303"
16810,16810,"12857,220,4576,10138,1400,3950,5545,7707,11540,3870"
16836,16836,"9668,1978,1210,1912,5610,560,11673,581,12648,711"
16844,16844,"13296,9072,12990,89,2663,1598,12606,7024,5199,11175"
16861,16861,"1400,1244,2957,4163,1558,789,5135,1851,83,9185"
16875,16875,"11540,1210,3870,8161,3055,9880,13346,2789,10340,331"
16936,16936,"4679,7707,1598,13110,6982,13058,8156,1996,3770,773"
16946,16946,"1996,717,10608,5303,10326,11871,4315,275,7391,8421"
16965,16965,"11540,7707,3055,5303,11384,7138,5476,2140,6270,3870"
16987,16987,"6971,12404,13026,11384,1912,8575,851,4679,9365,992"
16988,16988,"2199,8413,5199,11384,2218,3839,5524,3055,7466,12694"
16989,16989,"6220,7707,9580,5545,1978,13381,12768,13249,8846,1634"
17007,17007,"9602,4243,2264,8076,8413,10340,3577,586,6637,8531"
17016,17016,"4117,13110,466,2362,1996,5199,10473,2903,11086,6092"
17030,17030,"2291,2158,7707,275,8413,5524,4266,1634,10835,5199"
17034,17034,"11282,10916,13346,9942,1912,2158,11000,6326,1996,6433"
17054,17054,"1912,851,976,7578,10340,1210,6326,5610,8922,12990"
17056,17056,"10916,12857,6326,6638,10138,10594,837,4798,8413,1996"
17084,17084,"11540,5532,9295,10651,12665,6326,10608,9993,10017,12680"
17098,17098,"5199,10326,5545,12665,3577,9942,11384,13346,4664,10608"
17102,17102,"12793,12404,1210,5199,5532,810,4679,1996,2905,9771"
17109,17109,"3950,10326,8562,22,7707,2140,1978,6418,5485,10340"
17112,17112,"6971,8421,12680,1996,1534,10594,4101,3743,2199,6515"
17119,17119,"9580,5549,12680,8205,4798,6326,6638,8575,9956,4101"
17124,17124,"7707,12606,11798,1978,12298,2541,8562,12029,3428,3960"
17141,17141,"5532,4117,9229,544,4664,3870,12030,1779,11843,6638"
17160,17160,"4163,2957,5199,11384,275,2218,6638,3950,2989,12309"
17179,17179,"1598,9799,2218,4277,5532,12857,4413,851,1220,12026"
17189,17189,"1180,7459,4974,4277,9600,11394,331,4679,810,6433"
17191,17191,"10429,6962,5199,7171,414,12058,1244,2303,8256,1863"
17194,17194,"3950,6326,10916,1180,1223,8421,1996,837,11871,13026"
17195,17195,"4053,5199,11357,785,6141,3055,2571,10835,2822,3577"
17200,17200,"9295,10137,10389,4664,11024,10581,4576,1977,11298,10674"
17212,17212,"5524,10128,4664,3070,6591,1684,5495,5545,1290,7120"
17218,17218,"8608,1422,2958,646,9942,10345,13346,2822,4388,6220"
17232,17232,"8161,6326,851,2158,3950,12793,1996,8562,1978,1210"
17242,17242,"8421,12680,1776,6971,13296,331,4798,3743,1996,2199"
17255,17255,"6326,1996,2218,12958,10856,13134,10795,8413,1957,5524"
17262,17262,"3697,10607,4576,3539,6811,296,10674,11298,11775,1244"
17275,17275,"5545,11540,6638,1598,11622,10916,851,3950,6220,8562"
17276,17276,"10608,9580,2169,5485,11384,12680,6638,4679,2199,9880"
17278,17278,"544,7637,11024,5549,10572,5573,1156,5006,11630,10138"
17283,17283,"3979,11411,12431,3115,11291,4383,3334,1586,5272,10429"
17284,17284,"4117,11357,3055,785,9072,4499,331,8575,2571,2380"
17295,17295,"544,3950,1210,11622,11843,4117,7707,6220,5199,3055"
17298,17298,"10607,4576,1290,6576,12903,3737,4036,4111,3697,11298"
17319,17319,"5532,6220,6515,3950,13296,1634,7707,5545,1598,9942"
17320,17320,"4576,4664,6610,11775,12665,10389,296,1779,10674,11969"
17325,17325,"7707,5621,5470,9164,3950,9693,10677,4615,11540,11622"
17330,17330,"10147,10963,7856,4576,12995,12762,769,4912,12606,9730"
17334,17334,"12910,11532,10607,1290,10840,12903,9102,12995,3570,9962"
17346,17346,"10916,12990,10138,7138,1299,9942,2380,6166,4413,6220"
17352,17352,"10740,2218,1776,10389,1180,1244,9942,4111,1210,4890"
17353,17353,"1767,11117,5896,5573,2287,1089,10336,8302,414,3515"
17396,17396,"12793,2291,12875,8205,1634,2158,8413,10792,5545,3295"
17408,17408,"8161,2789,1634,9580,7578,6326,560,11540,2905,5303"
17414,17414,"3055,5532,7138,11540,11282,5524,12793,8562,10608,220"
17422,17422,"2957,10147,4163,3737,10963,7856,4216,1558,89,4576"
17424,17424,"11000,1978,12787,11540,8421,791,3950,5109,12857,1188"
17427,17427,"1400,8567,9962,13309,296,2885,10336,12497,5199,7983"
17432,17432,"2199,6395,3515,2990,4199,11396,11384,1957,2216,5124"
17434,17434,"5485,2058,9880,4322,1299,9580,6166,2218,12404,2220"
17439,17439,"10639,5199,9942,13296,1156,13249,3799,5495,1767,9867"
17442,17442,"6220,5545,1863,10326,4053,4000,6168,11969,5128,646"
17449,17449,"2789,1598,8699,2822,4413,6418,9602,646,1082,11288"
17472,17472,"5532,5199,2905,1912,3950,7707,12665,3035,3909,6326"
17509,17509,"11024,3539,9295,10389,11298,4036,4111,4576,4664,10464"
17522,17522,"8235,4413,3055,9942,89,2380,3870,9799,10835,10596"
17527,17527,"1912,976,2291,10462,851,1210,9880,7578,7138,7063"
17535,17535,"10607,3697,4387,5573,1290,9295,7120,10674,10389,10322"
17540,17540,"11282,5610,1996,2199,4679,1776,3055,13249,10594,560"
17541,17541,"11532,10674,1244,3539,4576,4664,13370,12615,10607,3570"
17551,17551,"10326,2343,8562,2814,4277,560,5025,6166,3950,11969"
17564,17564,"8421,10355,12857,11384,10340,8562,11622,11282,7138,2990"
17565,17565,"4861,7763,3816,6815,33,10941,11367,13100,3447,12339"
17581,17581,"10340,12793,6166,10326,2343,11024,2905,9306,10608,7707"
17596,17596,"11000,12994,10607,5303,6243,11009,7820,6610,3055,6326"
17601,17601,"3340,10431,12927,5839,5009,931,5134,9942,4413,10915"
17611,17611,"13296,12606,1598,5199,9306,6725,12990,331,11103,10241"
17612,17612,"11540,9072,2158,4861,851,3055,11843,2140,1634,12990"
17620,17620,"3055,6515,5199,11622,2199,10835,851,89,6962,12665"
17627,17627,"2343,11384,10835,89,13296,9962,646,560,9693,10326"
17634,17634,"13296,7637,5545,7707,8703,5149,4698,6166,7063,2058"
17649,17649,"2169,12404,12857,837,4277,2158,4798,4322,12758,1912"
17654,17654,"3055,12026,89,8562,8421,560,12990,8413,2990,7723"
17659,17659,"4101,9668,10916,1634,7707,2158,10241,8562,4250,8981"
17666,17666,"8746,12611,13058,5700,5497,4117,6095,4266,5999,2905"
17674,17674,"560,851,11843,10241,11282,12875,3770,9668,10326,6107"
17684,17684,"3950,11384,6326,9580,1978,10326,544,8205,2380,220"
17708,17708,"2905,8922,12857,12668,11282,646,12793,7392,5549,1977"
17709,17709,"5199,275,7024,4576,1210,4798,3055,2199,220,7707"
17741,17741,"12632,5524,7024,11795,13191,11622,6982,5199,8333,2265"
17752,17752,"162,10441,4935,2026,449,5105,7047,7325,2034,2769"
17765,17765,"2343,6834,5199,11289,2218,4117,1220,1598,2380,2822"
17770,17770,"7637,8703,4430,9564,2773,6739,9668,5669,3539,3068"
17814,17814,"7063,1220,275,7637,13296,1290,4430,8703,1598,5495"
17818,17818,"9942,7138,1244,5866,6641,5025,12404,11540,9257,1180"
17822,17822,"3275,1066,155,3637,2343,11289,6812,10432,7986,10677"
17826,17826,"4277,8047,9380,12779,1287,9578,4123,11394,10326,5610"
17827,17827,"10389,10674,1558,4664,4216,9732,9960,8714,8650,10137"
17840,17840,"7707,7900,9937,6220,5549,11384,5199,8590,7637,10326"
17843,17843,"2218,13310,2343,12105,3577,11488,1299,4243,11784,7986"
17864,17864,"1634,7197,2091,7128,8945,7883,811,9443,4679,11000"
17871,17871,"9306,10322,13214,6011,5760,8235,10608,9375,10441,11484"
17881,17881,"12665,12404,5199,89,1619,4602,3909,12927,6529,1598"
17928,17928,"1400,5485,12665,9580,7138,3950,544,11540,6166,331"
17931,17931,"5760,7047,162,7220,173,2769,3515,13426,1210,449"
17933,17933,"8413,220,1978,11540,89,4266,3252,8590,4103,12193"
17953,17953,"7707,11289,13296,5303,1045,8945,5375,13322,4101,3056"
17970,17970,"89,9942,931,2218,2990,3950,5545,11784,3870,11969"
17977,17977,"7063,1210,10138,12990,8421,9072,8562,8161,12636,6166"
17982,17982,"7817,3697,9962,9960,10663,6812,10737,9684,3886,4036"
17995,17995,"9295,8302,13296,6166,12030,10608,1977,11117,7637,851"
18002,18002,"12857,11540,9072,11384,2169,12026,1180,9340,10340,6515"
18006,18006,"4861,9942,1163,6220,3358,3816,1948,10685,9964,2870"
18023,18023,"5381,5869,354,9580,717,11384,1912,2958,8413,1724"
18024,18024,"9771,7439,10326,5077,5669,2291,10462,13022,331,2970"
18047,18047,"13296,2343,2218,5545,11540,454,9799,7707,386,4413"
18050,18050,"2218,1912,8235,5545,12404,6638,12813,7338,13296,9799"
18078,18078,"12540,5386,5642,1996,6591,889,6962,10835,3521,5482"
18086,18086,"10147,5135,4664,9962,9684,3737,10581,3697,9295,1750"
18093,18093,"11998,1750,11298,9297,296,3697,10336,7553,9295,3539"
18115,18115,"1180,6517,1776,4679,8019,10594,4046,1407,5610,13104"
18122,18122,"4698,9937,5149,2218,10336,8981,3870,5199,4430,10241"
18124,18124,"11540,1220,7707,220,13101,1747,10138,2199,12990,8562"
18127,18127,"3539,296,11532,2988,9960,1290,9684,13370,2916,3570"
18133,18133,"4413,9942,12665,3950,10326,2905,2199,10340,9072,9901"
18148,18148,"2199,7063,7707,1634,1978,6971,11622,5485,9799,4117"
18155,18155,"1299,11403,5199,12606,7966,7707,7024,2885,1290,4576"
18158,18158,"11024,4576,10607,9295,2989,11298,4664,10389,3570,1779"
18166,18166,"9072,3950,12990,10138,544,163,2789,12857,10067,9234"
18167,18167,"2218,9072,3950,11540,9454,10138,4277,275,4266,6638"
18169,18169,"9306,13346,8590,9771,2140,13214,7439,11384,5946,12871"
18175,18175,"7024,8590,4602,13112,10835,3055,7289,5668,12253,8779"
18178,18178,"11540,3870,3055,10589,11784,2567,7388,3165,4323,10986"
18214,18214,"11532,12995,9962,5142,1601,4664,4163,13370,11298,3570"
18217,18217,"9580,1912,7138,8161,12793,12990,9942,89,6326,2038"
18226,18226,"4664,11024,1779,3539,10137,3570,10336,12903,3697,10389"
18229,18229,"11384,4101,1978,8161,13346,10340,6638,7138,7707,12990"
18236,18236,"7063,10916,12404,7356,8370,4861,8237,9628,2905,3593"
18240,18240,"89,5545,9942,11000,931,3428,3870,5866,3950,10537"
18262,18262,"5545,11843,11540,5199,11403,9799,9942,7707,10608,5610"
18266,18266,"11532,11298,4216,4664,3539,1290,10674,4111,4163,9102"
18272,18272,"1634,1210,12665,3770,11540,2199,13346,7578,8562,607"
18292,18292,"3870,8562,11077,11540,10340,5549,9937,4816,7707,9455"
18299,18299,"8205,7558,1746,9306,8648,810,1912,7207,5545,9264"
18321,18321,"7707,6640,11757,10729,300,8257,6110,4560,6815,13111"
18338,18338,"3428,13306,4413,9072,10778,4974,9292,3055,9942,4305"
18339,18339,"10340,2380,10326,4101,4277,12793,12680,11622,9365,3416"
18341,18341,"3909,1287,6166,3088,5532,6026,7723,5199,9942,2903"
18355,18355,"10607,3539,2372,6811,9295,9960,4111,11117,5142,4664"
18364,18364,"5199,7707,11117,13309,4036,3055,4117,544,5731,1210"
18368,18368,"6326,1634,10138,8205,10326,8161,10340,9580,2158,12857"
18393,18393,"8421,8575,2199,12875,10326,2265,9942,6502,12305,9580"
18409,18409,"9580,8161,6326,3950,9942,12990,1912,12857,12665,10063"
18434,18434,"4679,2822,12857,9938,3397,2004,10039,350,237,811"
18440,18440,"1978,11384,11540,9942,1223,9580,544,4798,2905,3055"
18446,18446,"7707,3909,11622,6834,5422,5524,7983,8562,11969,2343"
18467,18467,"5545,275,2343,4053,1210,851,5485,11357,4117,13346"
18475,18475,"13309,9295,2218,13296,4664,8302,5532,7063,12606,1598"
18487,18487,"5741,13211,12249,3379,13296,4315,3858,1290,5819,6678"
18489,18489,"11384,3870,8922,10138,10674,5485,5303,4277,2140,10608"
18499,18499,"13346,12793,5303,89,9340,12857,10607,560,2380,10916"
18505,18505,"3950,4798,9455,6962,8562,8413,12857,4924,3055,7900"
18525,18525,"2218,811,560,6517,9938,4679,6512,5866,1622,1996"
18530,18530,"331,8235,12990,851,13346,12680,12665,11282,4036,1290"
18539,18539,"10322,2989,10429,7637,2885,3334,11103,4101,8703,5142"
18546,18546,"2343,5545,1220,10326,5999,7983,6834,11869,9693,5532"
18579,18579,"1978,10138,11282,11540,13249,9942,854,293,3799,851"
18585,18585,"5532,5199,4117,1912,10835,3909,3950,8608,4388,4053"
18595,18595,"1634,12990,89,544,10608,9880,4322,12636,4664,4974"
18648,18648,"717,5025,851,9455,10869,1776,13110,12990,2958,829"
18679,18679,"12665,12857,9942,4602,89,7024,8235,2343,11969,7983"
18683,18683,"6220,3577,4664,2343,7637,89,12665,10476,10581,8562"
18687,18687,"12995,4111,11532,4545,4163,4216,4929,3539,1290,9883"
18718,18718,"12606,6283,1290,4250,2327,13309,5,10429,10340,265"
18741,18741,"3950,8413,9455,1996,9602,3055,2882,4798,8562,12857"
18760,18760,"4111,3539,8205,7558,13309,11464,2885,5135,1977,11117"
18771,18771,"13296,220,2990,5485,10835,5545,3950,1776,350,4277"
18787,18787,"9733,11282,8794,2218,8575,6971,10326,7138,13346,6115"
18788,18788,"1996,5025,3950,8413,4413,6326,4685,1634,6414,2169"
18789,18789,"13346,275,5610,5199,2989,12857,4413,4277,2343,1287"
18798,18798,"11384,5610,10916,3950,220,10608,3055,13296,9668,5199"
18800,18800,"9942,9580,12990,7063,4277,13249,5532,1210,275,12857"
18805,18805,"11622,6982,10340,11751,13296,5524,3870,8413,11795,1598"
18806,18806,"5142,6811,9960,2969,10389,1244,9185,10663,1755,8475"
18812,18812,"10340,13346,12049,11540,12632,5545,12026,11800,1234,1598"
18818,18818,"1210,5199,4608,4256,6962,4576,976,275,6638,4798"
18830,18830,"1634,1286,1776,7063,2199,8794,12026,10138,5621,851"
18835,18835,"1290,13370,2343,10389,4277,2863,5142,1634,13258,9960"
18839,18839,"5549,10322,9668,5495,6971,10138,11622,6982,5966,5610"
18851,18851,"5199,11024,11540,1210,7707,4798,11403,1220,9799,560"
18854,18854,"8205,12875,10340,5549,7578,11540,6638,1180,11384,6515"
18864,18864,"10326,5303,3950,1180,4229,2199,12680,3781,331,8380"
18865,18865,"9083,9564,11615,5549,5761,10777,6523,3088,9570,10614"
18874,18874,"12113,12636,4575,12178,3796,4066,6632,2140,11282,11610"
18875,18875,"7578,13101,851,10340,8235,4315,2426,2343,3577,9072"
18879,18879,"11024,10674,2957,220,13296,1558,10389,4216,3570,10835"
18882,18882,"8922,13296,8567,9942,6971,5495,4117,11540,2989,4664"
18895,18895,"5524,5875,8235,5199,10776,10499,12662,5375,13381,64"
18903,18903,"64,5057,8830,2641,1210,12606,11384,5524,8623,8562"
18913,18913,"1180,4679,8633,11282,11540,717,2012,2265,12613,5650"
18934,18934,"3737,10389,9962,7817,5135,789,9837,10336,13027,9960"
18935,18935,"1978,4387,2885,3870,13296,89,11117,10835,6326,7983"
18981,18981,"11729,560,4602,1323,9890,4332,9282,10326,11439,9942"
18985,18985,"13309,354,1290,1244,10429,4576,12606,1220,7283,7120"
18987,18987,"1244,2916,13101,4777,9295,11992,2969,12030,1977,12497"
18990,18990,"11871,10326,6326,8421,1225,6971,9410,3770,11384,4448"
18996,18996,"5545,4117,1210,2218,6326,11357,8413,12026,331,6962"
19010,19010,"10138,10916,6418,1223,9729,6326,9234,12875,1328,1868"
19016,19016,"3697,2989,10674,11024,11775,6811,13309,10663,296,9960"
19018,19018,"6166,9799,11540,544,275,4413,5610,5545,789,560"
19029,19029,"1634,7138,1598,1180,8161,11288,12793,6899,5303,2199"
19060,19060,"5545,3055,64,1210,2343,8607,12665,2989,4413,5199"
19069,19069,"10607,296,2885,9962,10336,12903,10663,1244,3539,9730"
19084,19084,"4786,4798,10138,2882,2140,8520,1883,10916,9880,10326"
19086,19086,"10326,2814,11969,4277,2343,1290,8562,7558,5672,4664"
19105,19105,"3539,9295,5142,8650,789,10464,10663,3697,1977,10000"
19110,19110,"10147,10503,1290,9671,1244,2988,6811,11298,789,9295"
19135,19135,"851,3816,7763,4861,12824,10326,4916,33,10941,2870"
19144,19144,"275,10340,8413,4315,992,11384,10027,2885,9880,8562"
19154,19154,"13249,11622,7063,220,9800,6982,7707,6645,2580,2910"
19168,19168,"12857,12665,6326,6971,12680,10916,4101,4277,9942,2380"
19173,19173,"4387,5573,12474,4083,1132,10322,10663,12026,12559,12030"
19187,19187,"4111,11024,9962,4576,5199,8421,9942,5549,296,5495"
19216,19216,"12680,3950,10340,9072,10594,9733,6326,1598,12665,2990"
19227,19227,"6529,89,12665,10835,11563,7024,5199,2112,3055,3909"
19231,19231,"4323,4679,10594,11540,4946,851,3055,11282,6638,3488"
19234,19234,"11024,4111,5545,1779,1220,12606,10229,4861,8017,7707"
19255,19255,"8235,7024,8922,9164,1290,3016,12680,9380,7707,2343"
19258,19258,"10340,5485,220,5199,12680,10916,10608,11384,8413,12665"
19266,19266,"2885,8703,10138,8953,11384,6187,1746,6500,6971,12680"
19296,19296,"6834,2537,6220,5866,9942,6971,3950,2158,717,1767"
19297,19297,"1180,12026,12793,2169,220,350,7138,2343,12404,11384"
19308,19308,"11622,5199,8235,6982,6962,11931,5532,11751,12793,10835"
19323,19323,"10729,7763,6815,8257,11757,9375,7496,3883,5760,5940"
19346,19346,"6971,13235,1082,5964,11540,5827,6805,5545,7087,10916"
19347,19347,"6971,1590,296,1244,4777,9684,9962,10336,6243,7120"
19360,19360,"5142,1400,8302,2885,11923,8554,6243,2286,89,5033"
19364,19364,"4576,1244,9962,7707,4216,2957,10674,10194,4664,4163"
19378,19378,"2789,5532,646,13381,9443,11384,9449,2990,11784,6899"
19379,19379,"2199,5610,4664,12606,7558,8562,10241,992,350,4277"
19380,19380,"9942,10326,9115,10039,1210,2380,811,4277,11843,11969"
19381,19381,"4679,5549,10138,851,10326,8421,3770,1776,11009,2140"
19384,19384,"8562,10608,4413,331,10326,7487,10869,7723,12331,13296"
19385,19385,"1912,11282,1634,4664,13346,11540,5545,5610,220,11384"
19388,19388,"3737,10963,7856,2916,11969,11532,4111,7120,9102,12762"
19406,19406,"6220,1996,9340,7063,9306,8413,12793,810,5303,12857"
19408,19408,"4053,11357,785,11712,2571,3423,5422,6971,13058,3055"
19415,19415,"11298,4576,9962,1290,10663,10389,1779,4664,544,10137"
19417,19417,"5485,8235,9799,12665,13346,560,10138,8590,4315,12990"
19434,19434,"1210,2343,2811,7754,4516,2755,5402,8407,5803,8618"
19441,19441,"10916,10138,11622,1634,5199,4315,11282,12990,2158,12793"
19461,19461,"4111,2957,4036,7679,11532,10840,11298,12615,10674,903"
19474,19474,"8922,7024,8379,4798,11403,6971,11000,7998,5866,5303"
19477,19477,"8922,7817,12497,7120,11969,5747,1912,3515,2291,10462"
19484,19484,"10607,4664,11024,4111,2989,544,6610,4576,4036,10389"
19502,19502,"7707,4322,89,10663,3950,3870,6515,5303,4117,6971"
19503,19503,"5535,9932,10618,9942,10340,9846,5545,2461,1323,5700"
19512,19512,"12874,13353,9578,7882,12085,4974,2140,9072,8221,1220"
19515,19515,"8235,6166,9942,2218,8703,7024,5199,3088,11403,2885"
19518,19518,"3697,5573,12497,2989,1400,7120,4929,1750,5135,3870"
19530,19530,"5354,5485,1779,8188,2238,1863,4576,13191,7707,7983"
19559,19559,"11298,4664,11532,10389,1244,12995,12665,13370,4890,9866"
19576,19576,"8235,8922,5549,1100,7578,10340,7715,5999,13346,6458"
19586,19586,"9942,2343,13296,7063,10835,8235,8302,1220,2140,5149"
19594,19594,"7983,3055,3950,1290,2885,3515,11540,2343,89,6962"
19605,19605,"3870,12606,4664,11103,8323,1680,12249,89,10607,4889"
19618,19618,"11622,6982,3950,5199,10916,2380,2905,8922,12793,5303"
19620,19620,"2199,9877,8421,4277,2905,3515,1957,2958,5999,2380"
19623,19623,"13296,4277,10916,11384,3697,13346,13309,4911,3628,4986"
19628,19628,"5999,1978,4117,3950,12990,6638,1180,11282,1220,12857"
19631,19631,"11532,9960,9962,9185,1244,6960,6734,3697,4111,5142"
19642,19642,"9942,3799,13381,1598,13306,4053,5199,7723,11086,5495"
19644,19644,"7063,2291,6515,12990,9771,10916,9306,12030,7439,10462"
19648,19648,"7707,12026,11532,10322,12030,208,1977,290,12995,9102"
19665,19665,"10138,10916,1634,11282,9799,7627,8922,5025,11540,8590"
19683,19683,"7047,1219,5760,12995,162,13426,3464,7496,8257,2251"
19684,19684,"1180,9580,393,10473,2958,2169,9880,331,11495,10138"
19693,19693,"2905,7138,5199,10326,9072,4277,2380,5866,10537,2291"
19696,19696,"5303,7707,1899,10312,12062,4861,646,6220,1279,5199"
19707,19707,"10677,7986,11384,1066,13346,10063,1180,12787,8794,1414"
19715,19715,"2343,5999,9693,6220,64,4117,560,5545,4053,12665"
19716,19716,"2988,4036,11298,4111,11532,6734,3697,4973,7120,5142"
19729,19729,"6071,9098,3766,11488,3770,8703,4679,560,11651,9998"
19734,19734,"3950,10537,9450,1249,10869,12584,64,3870,6414,5022"
19758,19758,"2789,12793,11622,11282,8161,2158,12331,1912,8562,8235"
19764,19764,"5025,2789,2012,9473,5386,275,11540,8413,3950,4277"
19773,19773,"2327,5545,9570,12606,11024,5127,10336,13309,8475,2916"
19778,19778,"13296,11540,9942,1210,8922,2380,5495,11000,2343,13249"
19780,19780,"8562,89,13296,1634,2218,12875,3317,6220,12606,12955"
19784,19784,"12887,7986,6610,3789,2339,1189,13214,1299,3132,10677"
19786,19786,"12887,810,3088,9234,12026,773,4277,2140,7392,6220"
19793,19793,"2380,11540,3055,2411,10138,6515,4277,2218,11969,4602"
19798,19798,"13346,11622,4256,5760,12029,10442,5485,4935,5610,7982"
19808,19808,"1598,11384,2218,13296,8575,2822,13346,4101,5303,2199"
19812,19812,"10389,10137,2916,4111,9102,7553,4216,8664,10840,3570"
19821,19821,"4698,9937,12672,6547,5573,5105,9375,7982,4303,8257"
19830,19830,"11945,10231,10326,7726,3539,1323,13306,13249,3697,13104"
19843,19843,"4664,11024,1779,3539,10137,3570,10674,1851,3697,4890"
19867,19867,"1863,7707,7784,1042,12606,9101,9331,7706,8188,10443"
19889,19889,"8562,9942,9072,12793,2158,8421,11843,275,3055,12990"
19893,19893,"3870,5545,6166,13296,12606,5149,9937,8562,2199,4430"
19898,19898,"4664,4111,3539,11024,1400,10336,10322,1779,2916,11298"
19902,19902,"6011,1210,5545,9072,8540,2026,449,2291,6640,5940"
19905,19905,"1180,10594,3055,11540,4277,9706,8562,6638,1634,8421"
19910,19910,"2903,8505,5199,11406,10063,2411,5177,11540,11731,1273"
19929,19929,"6326,10340,12665,11403,9942,89,5485,8483,9968,11622"
19932,19932,"10607,1779,10389,4664,3539,6576,903,10464,9960,4111"
19952,19952,"1598,7707,5549,12680,6220,5545,10063,5502,11288,5761"
19956,19956,"976,1210,4101,10138,331,1287,9937,4413,4698,851"
19987,19987,"12026,12665,10608,10340,10138,12404,851,5549,4798,6326"
20008,20008,"8421,11394,4277,9580,6141,1180,12026,953,12990,7487"
20018,20018,"7723,10340,12665,11622,11540,6326,6982,454,8505,2199"
20019,20019,"7063,275,2158,5025,11384,1598,5819,4414,12990,5199"
20020,20020,"4083,10663,1132,7120,13309,10322,10000,1400,1244,12220"
20023,20023,"11622,89,6982,12793,6962,8413,1598,6326,9968,11384"
20031,20031,"3870,1912,6515,4664,331,8235,5545,2218,544,5485"
20039,20039,"7707,6166,3870,5485,11384,5545,11403,5199,11540,8562"
20040,20040,"1574,9962,275,12404,5545,11298,2343,1180,4679,4117"
20041,20041,"12474,5199,12470,7120,13117,769,10322,1977,5142,5573"
20045,20045,"2789,11403,11540,12026,4947,6326,3055,13346,2567,1598"
20056,20056,"9295,11540,6610,2989,296,4111,10607,2218,12665,11969"
20069,20069,"2343,13375,1210,13346,12665,11384,11751,7707,8505,1753"
20074,20074,"587,5893,1049,2123,3799,2990,12508,2034,4413,3428"
20083,20083,"7707,1912,6326,5545,8279,11540,4798,544,5199,9942"
20085,20085,"9295,9730,3570,11532,12995,9621,9102,4216,2969,4628"
20086,20086,"89,12793,10138,10608,9306,275,4315,10326,8413,8235"
20089,20089,"10792,1478,2264,11540,2670,10063,6220,2411,652,5482"
20101,20101,"9942,8235,9799,5592,5610,3055,7024,5199,12768,7120"
20104,20104,"5760,4256,6011,11367,6815,5940,10441,7973,4861,449"
20112,20112,"11622,8562,6326,7637,10340,4664,13249,7578,5524,12793"
20115,20115,"2199,3870,7138,10608,1220,5545,10340,1912,9942,6166"
20133,20133,"5135,5142,10663,1244,13309,296,2969,9102,10607,1554"
20136,20136,"10138,7707,4277,1220,5485,2291,2199,2343,12665,12606"
20138,20138,"6811,13309,9866,10336,5135,10644,3539,9962,11024,1400"
20162,20162,"7707,89,5485,2169,6638,2380,1776,1598,10340,6418"
20176,20176,"6971,8421,4101,3055,12680,8922,2199,3743,6515,13296"
20200,20200,"8336,7933,4861,965,9826,12067,3950,12199,11439,5545"
20222,20222,"9306,2916,6971,13214,4516,12578,5946,377,3086,4332"
20251,20251,"2885,1977,2969,1100,4111,13309,2684,10581,1290,10530"
20256,20256,"12470,5199,4411,7705,1783,811,10986,115,3441,3871"
20264,20264,"13026,12404,4615,11969,560,10063,4679,9234,10916,4277"
20280,20280,"10916,12990,11384,5545,3950,1634,8421,12156,1912,7063"
20286,20286,"7707,10607,12606,89,1978,2989,7637,3697,12857,4929"
20323,20323,"6576,7120,1132,10607,11532,3539,11775,12474,9960,1290"
20324,20324,"4576,12193,9295,8590,1244,2885,544,3539,89,1978"
20336,20336,"9693,544,6834,2537,11969,1220,10607,2218,2158,6971"
20339,20339,"13346,11622,2990,3055,7707,8562,4430,10835,12606,11751"
20344,20344,"3821,11384,10138,465,11298,8703,6491,10340,13296,9281"
20356,20356,"11969,1478,1598,5545,64,9264,13346,4602,11024,9733"
20360,20360,"12474,4083,4516,5556,5675,8473,11569,10773,1977,2755"
20362,20362,"2343,9693,8608,6834,2537,5545,5866,3909,89,5135"
20376,20376,"1978,12990,5610,1210,11384,2140,8527,3507,10608,9942"
20381,20381,"2199,2218,5149,12606,6772,10326,4250,9570,5484,3122"
20394,20394,"5663,8675,3315,2530,837,10977,11289,5303,7270,3515"
20397,20397,"5485,89,7707,12157,11402,1290,12665,3737,3799,699"
20407,20407,"7707,4256,3816,1220,5025,1744,7763,33,10685,7697"
20413,20413,"1290,11532,4111,3737,6053,9102,10963,3954,7553,3570"
20433,20433,"6811,4576,2885,13309,3539,5135,7817,10336,10607,2989"
20448,20448,"544,5303,2140,6705,10536,6962,587,9454,12226,2916"
20492,20492,"11843,9580,89,5545,3055,6107,646,4947,11508,4101"
20505,20505,"8475,11024,5142,12995,5672,13309,5318,10137,10389,9362"
20512,20512,"6899,8413,519,10326,9942,5698,7618,11691,13381,9164"
20514,20514,"8235,4277,7495,1219,1776,8214,8360,7412,6634,12606"
20533,20533,"2169,1634,13346,10608,350,2916,8161,4664,8421,4974"
20543,20543,"12404,1286,63,5545,769,12665,8413,11784,2140,2327"
20546,20546,"220,9580,8161,7138,4277,275,10138,3870,2169,5549"
20557,20557,"1598,8792,6166,13346,3055,3428,2199,393,8421,791"
20558,20558,"3950,9942,4798,1180,10326,12030,11540,3106,9602,10608"
20561,20561,"11540,3870,6220,12665,2990,5545,851,6326,13346,11622"
20566,20566,"1210,3539,11298,6811,9942,10389,9962,11117,4576,10464"
20573,20573,"11117,8188,9072,13296,5142,3539,4576,10607,3487,89"
20623,20623,"4698,9937,5199,4430,5149,7637,1244,1863,5495,12606"
20627,20627,"11298,4664,1779,13346,4576,89,2916,9962,1912,9170"
20643,20643,"2291,8161,7138,10322,4877,9771,2169,331,1776,9668"
20645,20645,"9684,12615,931,5866,1290,10674,6811,4435,89,3570"
20652,20652,"10950,11969,8846,13346,8671,1598,2580,12632,4179,12026"
20654,20654,"4277,12990,7128,9455,9901,10608,8421,4453,811,9880"
20667,20667,"7578,7024,5199,7289,13191,8235,8922,11615,2564,287"
20670,20670,"3950,8235,89,13381,11403,10778,12594,2990,5199,3799"
20671,20671,"10916,12857,11540,8413,2218,13346,2291,9580,10326,7578"
20676,20676,"11000,810,4679,6326,5485,976,9340,12793,89,5199"
20694,20694,"9295,10674,10389,4576,8714,6610,11775,83,1977,10840"
20709,20709,"7707,3055,3545,9886,646,2140,13191,4798,11403,12793"
20716,20716,"8205,5610,12793,11282,4947,5549,6166,11396,9880,7578"
20739,20739,"13296,5303,10400,11289,12606,1715,1286,457,6696,2218"
20763,20763,"5532,3909,10608,4388,5610,9072,8608,12579,9880,1978"
20779,20779,"10607,11298,4036,4576,6811,9942,10648,3737,11024,10963"
20781,20781,"11024,2380,4430,7637,2789,5573,4413,6638,5966,12579"
20790,20790,"2885,8567,9962,9295,7120,5532,4163,789,1977,2957"
20792,20792,"8590,1180,1634,2140,5091,2556,7579,10916,6899,9968"
20797,20797,"2380,10138,3055,7707,3950,6326,6515,5303,12857,7998"
20811,20811,"7723,1210,12026,1598,6529,9443,4430,4006,8413,12404"
20821,20821,"2216,1576,3239,7120,5946,798,3570,8714,11532,5731"
20830,20830,"9580,1180,2158,5025,2499,2140,1912,10326,4277,6638"
20861,20861,"5199,12606,2218,1598,2822,5731,13306,7707,4277,12990"
20878,20878,"10663,4664,13370,7120,296,10674,7817,6576,6591,5135"
20891,20891,"89,7024,8562,11622,3055,12606,6962,9942,6166,4413"
20895,20895,"11540,2380,12026,2990,13346,1598,12680,10340,3950,5545"
20901,20901,"11282,3055,6326,7138,13381,2882,4679,12779,1776,13346"
20908,20908,"296,11540,2343,3950,12990,4277,4798,10326,7063,11384"
20928,20928,"1290,2916,12030,10663,11299,1750,4083,13115,4387,1977"
20945,20945,"2541,10106,4216,3816,8257,4100,11834,13299,11368,1832"
20971,20971,"1156,5524,64,652,275,7138,1767,680,12404,13249"
20979,20979,"1598,773,11455,7900,10326,2071,4199,13406,4413,9317"
20982,20982,"9668,11282,5412,7063,2556,1912,851,10138,2169,10594"
20991,20991,"3055,12026,10547,1746,2380,5025,5303,8053,6433,2140"
20998,20998,"5199,5545,11384,2380,5495,3057,2990,13346,11843,5485"
21006,21006,"2789,5199,4101,2567,3950,4798,6220,5999,6971,9449"
21018,21018,"6515,8161,1634,6971,7578,11102,1769,10608,1223,8922"
21028,21028,"9942,5532,7063,5303,9306,5485,5731,1210,10427,12665"
21041,21041,"2905,9472,10916,10594,10138,3340,5610,3870,7707,2343"
21042,21042,"4117,6638,5999,5199,13058,976,10835,4053,2905,5532"
21064,21064,"10607,7856,10963,4929,1400,3737,10336,2988,7120,9962"
21075,21075,"7578,2140,1250,1393,2822,3413,560,1622,6283,11111"
21078,21078,"2199,12331,10027,10326,6971,560,13346,5025,773,12528"
21081,21081,"11384,3055,2218,5545,8922,8235,10835,12470,5495,11403"
21084,21084,"2380,3055,11540,4277,9799,3950,8562,296,5545,6220"
21089,21089,"10916,6326,10138,1180,8161,350,2158,9234,4974,4664"
21112,21112,"12497,1290,8284,4036,13370,3737,10648,10607,10137,13024"
21126,21126,"13346,89,9668,12793,11282,8235,11540,2905,10138,11622"
21129,21129,"3697,851,10674,9185,2989,7063,2291,12665,1851,4387"
21130,21130,"2343,13397,13381,64,12606,5532,3428,12368,9375,9693"
21137,21137,"10340,11843,6326,4413,12793,5999,3950,4053,296,7578"
21149,21149,"2199,11540,11622,9937,1210,7723,1249,897,5495,10340"
21152,21152,"13346,89,12680,7578,12665,10326,1978,6638,12857,5199"
21177,21177,"10138,8161,11404,9942,5199,3950,5485,275,1323,9771"
21191,21191,"2885,12030,6384,10663,2916,11923,11569,9646,12474,5573"
21200,21200,"11540,3950,5545,10138,7723,2199,8421,1478,2158,6270"
21204,21204,"11843,13249,7948,12755,3428,7388,5839,773,5545,6433"
21221,21221,"5495,8703,4006,12470,11117,1220,3545,8922,10608,1290"
21228,21228,"10336,4576,7120,10663,6576,1290,13309,8254,1400,296"
21249,21249,"7707,6515,5485,1180,11010,4974,8421,1634,350,811"
21256,21256,"4947,3515,6395,11396,2199,5124,11622,3071,12104,2789"
21261,21261,"11282,6326,1912,4664,11000,12990,2199,7983,1210,11540"
21279,21279,"646,13301,12990,7024,3428,5813,6220,7983,8354,2140"
21282,21282,"3055,11024,9730,8922,325,7120,3305,1180,10326,11764"
21305,21305,"10138,8421,10916,6418,1328,10039,12875,9234,8562,1868"
21307,21307,"5025,5303,11540,3770,9800,1634,10594,7558,5893,11590"
21315,21315,"5545,10063,4365,2218,10607,12404,1779,296,2506,1598"
21342,21342,"4664,9962,9684,11024,9960,3539,1901,12995,5135,789"
21347,21347,"8412,1220,11903,11103,2799,12177,711,7224,2218,5545"
21357,21357,"1244,8562,13309,3055,7707,7637,5610,10336,1487,1290"
21358,21358,"4117,10835,10608,5199,11357,2199,4053,4266,8922,6515"
21368,21368,"3737,10147,7856,9295,12762,5663,4111,11992,1750,8090"
21372,21372,"4664,11298,10607,10389,4576,6610,10674,4111,3697,1851"
21373,21373,"11540,4277,3950,1634,7578,5524,6780,3839,4117,3799"
21383,21383,"11298,756,4036,3539,3746,9962,12995,3238,12538,9603"
21393,21393,"3950,89,9072,9942,11282,931,13346,11540,5199,2199"
21415,21415,"9295,5142,13309,6660,11117,3697,10530,1290,2969,65"
21421,21421,"1290,354,12497,2916,1244,6591,5810,10835,8354,296"
21433,21433,"5485,9799,7063,5610,13296,8161,9306,560,12665,275"
21449,21449,"717,851,9455,11282,12787,5025,6433,12990,7558,13296"
21483,21483,"5545,4277,220,13346,1598,1978,10916,1210,4413,5303"
21488,21488,"8562,12632,3766,4516,11871,716,1912,1598,12579,8633"
21518,21518,"2989,9684,11775,11532,1244,11969,9102,4664,9942,9883"
21528,21528,"12470,5199,3545,3428,13346,1598,12668,12099,89,9942"
21536,21536,"8290,12579,13101,3870,12053,11247,8703,2140,5471,12665"
21585,21585,"6971,12761,861,1478,5545,3870,9942,9729,6418,6504"
21598,21598,"10389,11024,4664,8475,1400,3427,5135,9101,5672,13309"
21602,21602,"8922,5485,12665,89,8161,8562,275,2199,6220,7867"
21604,21604,"5199,12680,12111,7983,7578,12793,9771,9306,13296,12378"
21626,21626,"12026,9295,2916,1286,12665,1583,11298,2990,8205,9962"
21636,21636,"8953,2822,2990,1978,1180,10835,1754,2789,4602,7024"
21649,21649,"11532,2916,7120,1244,2969,3697,10000,1977,9866,2885"
21650,21650,"11384,220,5025,4576,8413,9295,11784,1972,797,12859"
21655,21655,"4576,1290,4664,11024,10674,1779,4111,1851,10389,12615"
21662,21662,"11775,4216,12615,11903,11938,10674,4940,247,2957,9732"
21681,21681,"9102,4111,11532,10607,11969,7120,4036,8635,10674,4664"
21686,21686,"4974,350,4993,5378,2631,5789,12990,4123,4277,2770"
21699,21699,"6166,13346,11384,8235,10916,8413,2789,11622,9668,11784"
21702,21702,"9942,11298,3737,12606,3275,2218,4036,9356,3697,5199"
21709,21709,"2567,10340,8681,13249,7792,12813,9443,10986,544,11969"
21718,21718,"4679,7707,13058,2199,4974,8156,2362,1082,9234,2580"
21719,21719,"2169,1180,12857,851,4679,4162,953,8794,2958,275"
21724,21724,"1598,9942,13296,8562,2013,7948,3781,1105,89,4305"
21741,21741,"4664,4576,11775,6610,1779,11969,1851,2989,10674,10389"
21746,21746,"12680,13101,6811,4163,10326,12026,12903,3539,4929,11969"
21751,21751,"11622,6982,9942,10340,4413,7983,10288,3441,6271,454"
21754,21754,"717,5025,851,9455,12990,1328,6433,1210,10869,829"
21768,21768,"2567,11483,5610,2140,12606,3870,6326,5471,6068,12857"
21775,21775,"3515,2905,5610,8235,560,5532,3870,13296,12339,613"
21781,21781,"4664,11024,11775,1779,10389,12903,3427,11532,1290,11969"
21789,21789,"4664,13296,4215,9962,10607,275,1558,4387,10752,10824"
21795,21795,"4101,4798,851,6962,8922,8235,10608,6395,5549,976"
21812,21812,"6166,13346,13296,560,6515,2789,8562,8703,275,2199"
21814,21814,"5549,13346,9880,1634,4101,6515,2905,1180,7578,2882"
21820,21820,"1287,7027,9380,3796,12755,4575,8189,6632,1259,12636"
21827,21827,"2343,5025,10326,2814,4277,10063,9942,8562,11483,7707"
21838,21838,"13346,8562,3950,10326,3870,6166,10462,12015,6971,8520"
21855,21855,"6529,5532,8608,5866,2822,2343,4388,10835,5782,6795"
21881,21881,"6626,11403,11540,4315,5199,9942,1996,2861,12378,1180"
21884,21884,"2905,13058,12611,2789,13211,9098,6026,454,7707,7899"
21889,21889,"1290,5135,12030,4184,1554,11486,9962,10322,9662,1244"
21896,21896,"7707,6064,3870,1323,1421,5485,6141,5731,11384,6418"
21902,21902,"1180,1996,3422,11282,7998,2789,8161,3055,10027,2199"
21916,21916,"10916,12857,1912,6638,10138,5199,2905,10594,11282,1328"
21927,21927,"4664,1290,11117,4111,4929,3539,10607,12903,12497,11024"
21938,21938,"2958,7462,12758,9880,7999,220,6971,3106,6632,8126"
21948,21948,"4277,13346,12990,5610,1180,9234,7197,6433,811,11843"
21952,21952,"2885,2218,1290,2380,3088,12030,2058,8090,12228,5484"
21954,21954,"4053,6593,2343,11357,11289,11969,1747,2038,9942,1180"
21955,21955,"9375,6815,11337,3844,2877,4256,2541,10707,1219,12025"
21978,21978,"12606,7792,11615,12157,4578,1042,7707,5149,3487,12575"
21983,21983,"2969,7306,3305,11024,11969,7553,3697,4036,5318,10840"
22004,22004,"2343,8567,11282,11384,12680,12793,2905,10916,9229,89"
22007,22007,"5135,4664,11024,2199,8567,9072,4576,296,2916,9942"
22014,22014,"5545,3870,11024,5199,89,2218,13143,13381,5303,11622"
22020,22020,"5199,2199,10138,10835,560,8161,12680,2808,10916,4947"
22052,22052,"11282,1223,1634,1180,1776,2140,1912,4679,4974,10027"
22056,22056,"12606,1323,64,7014,3509,12594,3428,13397,10537,5524"
22064,22064,"7707,296,12857,544,3515,11540,1978,13375,5199,8562"
22072,22072,"6638,10916,12857,10138,10594,11282,4798,11540,1996,6326"
22074,22074,"1634,851,8421,9580,11540,11282,12875,12990,4322,12680"
22102,22102,"544,2380,5654,13346,1598,811,4664,5545,4947,13110"
22110,22110,"3870,4798,9072,8421,1598,5105,3055,6141,2343,10326"
22111,22111,"89,1912,9115,10340,10916,976,11843,12779,7138,8413"
22119,22119,"89,3515,5573,4036,1978,12680,13346,9799,8421,5999"
22125,22125,"2789,5532,11622,13296,10340,5610,1598,6982,4117,7063"
22150,22150,"3368,2218,5545,6529,7792,5524,9942,3437,10132,12606"
22151,22151,"1750,6243,4929,1290,2885,2784,8859,11651,1400,10663"
22154,22154,"4387,9937,4083,1977,2020,1750,9671,3181,10336,11923"
22213,22213,"8688,7983,7289,5524,7707,11289,2990,12058,8995,11540"
22256,22256,"2343,1290,4036,10389,1977,1692,3070,4272,2916,1220"
22258,22258,"1634,2291,10462,6515,1180,6971,9880,2905,2199,953"
22265,22265,"1912,3909,6529,12404,10326,1180,5621,10778,12680,5549"
22279,22279,"3950,2343,11403,6166,2990,3870,9799,6220,851,4413"
22280,22280,"2158,4664,10729,4256,2916,4929,6306,7477,9375,1400"
22283,22283,"9937,5149,6166,8981,13115,9668,2380,8590,1588,12723"
22286,22286,"11622,1210,851,10340,11784,220,10916,6982,13346,11384"
22288,22288,"4117,8562,1598,5199,11502,2228,9942,3870,3055,13346"
22321,22321,"11298,11024,4576,1244,4664,10674,10137,10389,6610,10607"
22336,22336,"10792,1598,10916,6220,9115,652,10124,4413,3106,4947"
22344,22344,"9072,1634,5549,2789,4117,2905,560,7578,3950,4053"
22353,22353,"5545,1210,5760,4256,275,9482,5025,2158,11771,10442"
22356,22356,"12474,9646,5573,2885,11923,4777,2916,10322,61,11117"
22387,22387,"10594,9404,4492,1996,5303,8421,7900,6220,9309,2905"
22427,22427,"7723,9942,5545,2567,9799,6522,2380,2990,7330,9281"
22428,22428,"11775,11903,10464,10840,10389,10674,11532,11024,12615,9960"
22449,22449,"11024,4664,4576,2916,3539,11775,12665,11298,10389,1779"
22452,22452,"7120,12665,10607,9942,1912,483,4664,11540,6610,6962"
22460,22460,"4163,2957,1558,3722,1851,10194,10674,9732,8650,83"
22467,22467,"5470,6107,1210,13346,4664,9693,4974,1776,9734,10462"
22480,22480,"7138,2218,4492,13335,4798,13296,8705,1779,9072,1290"
22481,22481,"4877,3870,12579,7063,8792,5471,6418,2140,379,12857"
22484,22484,"10916,9942,5303,2199,1776,4430,2789,1180,3340,11384"
22489,22489,"2343,9693,8608,5866,9942,6834,8274,2537,5545,3909"
22502,22502,"10674,2885,1244,9942,4576,2343,1290,9962,7220,4664"
22510,22510,"1779,4111,13370,11532,10607,4890,4028,10674,7935,12903"
22511,22511,"7637,8703,9668,2020,1400,10241,13377,1290,10429,589"
22514,22514,"2343,3870,1912,10322,1776,11384,5303,10138,9580,2199"
22520,22520,"5573,10322,12474,8567,4387,1132,4083,9962,7120,11117"
22546,22546,"11384,9799,7063,9306,10322,5495,1400,10340,8161,3055"
22551,22551,"11622,4413,7707,10340,4387,9942,6982,8562,1598,13249"
22582,22582,"7120,11117,11298,3539,1977,9671,2885,10322,3697,4111"
22595,22595,"9410,1572,9637,1598,4199,3870,10063,9729,4387,931"
22597,22597,"1634,6515,12990,7138,2199,851,13346,4101,8562,8575"
22605,22605,"11969,1912,4664,13249,11282,5025,6270,13346,11726,1223"
22618,22618,"8650,4216,12280,9438,1851,11938,10674,3722,83,8714"
22641,22641,"8421,1978,8161,9072,10916,544,2199,4974,12857,12990"
22645,22645,"1634,11757,5760,11533,10974,9375,7982,8257,10916,3950"
22660,22660,"331,8421,9072,1180,3781,10326,4277,5610,837,8161"
22666,22666,"3950,2990,6326,10340,2380,13249,5532,2789,8562,3992"
22674,22674,"9962,789,1528,1400,9348,1244,9960,10336,2988,9878"
22678,22678,"13346,7729,10607,11800,11024,89,7749,12606,12249,7679"
22697,22697,"4861,9557,12353,13110,579,6840,11377,4036,1220,228"
22698,22698,"5199,4117,5545,11622,4315,11289,5532,220,7707,8505"
22705,22705,"5545,1180,6220,12858,3870,791,10608,12944,8335,1858"
22710,22710,"12990,89,13346,3055,1180,4576,5199,8413,12026,6971"
22714,22714,"8235,11282,6166,2905,89,8922,11843,3950,7024,5549"
22715,22715,"4798,12026,5532,5545,3055,275,544,2218,9580,5303"
22720,22720,"3909,8561,8608,12680,12793,4525,393,1978,6520,7749"
22734,22734,"9668,4698,1299,11282,7707,8562,4798,12875,220,7637"
22735,22735,"8161,2789,3870,7578,9580,11784,11622,1912,11384,2567"
22736,22736,"2199,4974,10594,331,491,479,8161,1180,6166,9340"
22747,22747,"13381,7578,560,519,1598,5545,6220,2218,3606,12026"
22748,22748,"10326,275,6220,8418,8421,331,11488,7637,6993,12665"
22759,22759,"2343,8235,13346,11384,89,12665,13381,3055,5292,9693"
22761,22761,"5199,6220,12857,13381,2910,8608,4315,7578,5303,7474"
22774,22774,"7723,6326,11502,4413,5199,12606,10608,4117,12026,13296"
22783,22783,"11384,2989,7707,2990,6659,11540,2870,6515,5199,6011"
22830,22830,"9693,6834,2537,544,2218,11969,10677,1220,9942,5545"
22831,22831,"10607,1977,2969,2916,3697,5142,9962,1244,10581,4576"
22846,22846,"10356,7717,3153,6012,10189,7583,9579,11405,12467,7938"
22850,22850,"3737,10147,7856,12762,10202,12811,5142,1290,6054,13309"
22883,22883,"3055,13296,9455,12857,11282,9390,6971,2380,4798,2140"
22887,22887,"9901,217,7900,11009,4890,2506,5386,519,2140,12857"
22893,22893,"11540,1996,544,8562,10608,10138,5025,11384,10594,2411"
22905,22905,"5545,6220,851,12030,1220,13309,8922,89,7707,7637"
22923,22923,"6220,9942,10608,331,9580,4798,5549,6326,6515,4101"
22956,22956,"4413,13346,1598,13249,8321,9867,5038,2822,11000,10608"
22964,22964,"2368,9942,5545,8145,13249,5669,9570,5149,2137,4798"
22972,22972,"4664,1851,10674,10389,10137,83,11298,4216,1558,2957"
22985,22985,"8053,10340,220,5549,8413,11384,12680,8161,8235,1747"
23011,23011,"1978,10138,11282,10608,851,13249,4277,2158,12875,8421"
23027,23027,"9295,2969,2989,9942,12606,4576,11024,7707,2218,11540"
23036,23036,"8412,1220,11103,11903,2799,2218,5545,4266,12177,11615"
23038,23038,"9799,12026,6166,5545,13346,11384,9072,8413,3950,7723"
23046,23046,"13375,4861,1753,12492,11590,3539,1210,8505,5545,1049"
23051,23051,"3766,4414,89,11540,5610,7832,5545,2218,8413,9229"
23057,23057,"5760,449,10441,10078,4935,6082,7325,6150,6011,1101"
23062,23062,"4163,2957,1558,1851,10674,3722,9732,4688,2709,12615"
23069,23069,"8235,2411,10262,9093,1598,12632,2702,9234,8505,1180"
23078,23078,"11622,11540,1210,5199,13191,7024,11384,89,5524,2343"
23113,23113,"8221,11822,2140,5549,10916,851,6971,11406,1912,5303"
23121,23121,"6515,10138,851,9580,8413,6326,11384,3870,9937,10340"
23123,23123,"9880,5532,8562,4322,12793,5485,220,4315,9580,1180"
23136,23136,"13346,9668,12680,9799,5549,11288,1634,5705,4845,11170"
23138,23138,"3950,11540,8421,454,13381,9455,8562,931,2910,6326"
23140,23140,"12026,6971,6220,1400,11282,4698,12579,5303,5966,7707"
23170,23170,"1912,1223,10027,4974,1634,11282,2140,4679,13026,11540"
23173,23173,"5142,1290,4664,1244,2916,10663,296,2218,9960,3539"
23179,23179,"12990,810,7707,352,13249,1978,8421,12404,6220,10326"
23196,23196,"4277,11622,3870,1598,13346,12793,454,9799,10138,11751"
23199,23199,"11540,5545,3950,1634,12026,544,8235,2218,11622,1478"
23216,23216,"7578,2291,8235,11384,4516,5292,9668,12663,10462,9799"
23226,23226,"7063,4101,9072,5610,8053,9306,2169,5819,11384,220"
23233,23233,"6220,7899,2020,3950,9942,2140,6326,5532,4798,4938"
23253,23253,"10835,3055,1220,8413,2990,4117,2789,5199,8235,12665"
23281,23281,"3275,13310,2343,1926,4420,1066,10677,10063,11384,1299"
