ID,user_id,item_id
12,12,"4277,4798,1634,851,2140,4974,11384,1776,9580,10916"
14,14,"4946,6220,3055,6399,9799,6971,8590,7964,2210,9557"
17,17,"4399,7302,13111,2338,6402,632,7127,7480,9370,6082"
21,21,"11159,8421,2617,1817,4229,4255,2191,2076,6220,2140"
44,44,"786,3720,10648,4036,13431,7279,4664,10687,11024,1779"
55,55,"8590,9799,6270,1776,9178,8421,331,811,4798,851"
56,56,"6220,10835,5485,5303,6971,7138,2140,10986,8590,12793"
58,58,"8421,11843,10138,8562,6515,851,6971,7707,331,311"
59,59,"7707,6220,1514,560,6084,10835,8590,1249,1522,5545"
79,79,"11422,6220,1220,2140,12026,8590,3870,8922,7964,4798"
81,81,"7120,1290,4664,2916,8567,9500,10102,9311,12681,3697"
85,85,"5303,11396,4452,5642,11403,6220,9744,4798,2140,3870"
92,92,"10674,10607,1244,9962,11992,10663,9960,12212,8590,10648"
97,97,"5524,5545,4602,6220,2489,12368,11289,6499,174,2140"
100,100,"5610,8590,4798,851,275,10916,8421,6971,331,10138"
112,112,"11403,3055,7707,8922,12026,5485,6220,8235,6166,12787"
122,122,"6971,331,2140,5214,3766,5303,89,851,11384,13296"
133,133,"4858,1290,789,296,9962,1328,5249,4576,8590,376"
141,141,"494,6220,1863,10429,12497,5976,6971,862,7706,789"
144,144,"816,9295,1244,1863,13330,10674,11103,10464,3697,11620"
149,149,"10674,7679,10687,12615,4940,13111,12094,1558,4716,420"
153,153,"8293,8421,615,8590,4798,10326,5303,10608,12451,13299"
166,166,"2903,10732,12672,4935,9980,3055,2471,3464,2537,11655"
220,220,"2140,5545,4798,11993,9968,1681,2218,11289,393,9455"
231,231,"8590,796,12665,5303,2822,5545,8922,5532,5866,2343"
262,262,"7120,13101,6971,3088,9837,9295,12030,1400,1977,8922"
274,274,"6220,4413,6962,11289,12944,4580,5545,6971,2837,11403"
277,277,"10034,2218,7227,4602,9684,2681,2366,4413,1478,8922"
281,281,"789,5135,1891,4664,7120,3697,13024,9295,1779,10607"
291,291,"217,331,1776,811,8421,6971,10326,10916,8161,4798"
300,300,"1598,6962,6220,13296,12680,6971,3870,8562,7707,8045"
310,310,"7197,11384,11969,8590,2411,2140,6461,544,10792,6220"
332,332,"11384,5155,4798,6220,8590,4277,9115,544,5303,8421"
344,344,"8421,8562,4277,4798,10326,1813,3295,3950,331,6220"
359,359,"9962,5142,296,10607,5135,3591,789,13309,4929,11143"
380,380,"10326,7301,590,4664,9404,3565,9295,7252,9356,2337"
386,386,"8562,6220,2218,331,4277,5303,12990,8590,1180,4798"
426,426,"931,5524,8235,4414,6220,12944,89,374,5545,8562"
436,436,"1912,12404,2158,4798,851,10326,2169,4277,9580,1776"
453,453,"11846,8280,2140,7120,10607,769,6064,4929,8590,5338"
461,461,"11298,10607,4664,13309,9295,7120,296,12903,4028,5142"
464,464,"2140,1018,4277,2338,5485,8421,7063,5303,9072,13245"
473,473,"10196,2038,12665,393,9860,10069,10326,12784,11289,7284"
481,481,"7197,4453,331,1017,4798,4884,350,9072,10063,10326"
490,490,"12857,5303,4277,2411,6751,7558,2140,13346,6220,4974"
494,494,"13191,10835,7983,6220,9454,5422,7723,4602,89,8590"
497,497,"1290,1851,9732,8824,10663,9960,13431,2195,4664,11298"
510,510,"12348,1017,4277,2343,10063,6220,5999,2218,8279,2172"
511,511,"4798,12990,8421,13346,12758,1634,1180,9580,11843,8527"
512,512,"3238,11298,4576,5934,83,8475,13431,7755,1290,1121"
524,524,"54,1016,2769,7120,3401,4152,9960,11775,4036,3539"
525,525,"4323,8590,2140,10063,1978,11993,6120,9072,8421,1664"
545,545,"12404,8421,1407,4798,1180,10594,9580,11282,4974,9309"
560,560,"8562,4798,6220,7197,331,10326,2140,4453,12990,2411"
564,564,"7521,6220,6834,4091,1220,2343,8590,6795,9072,2537"
566,566,"13257,2135,9799,7707,8421,8562,2206,13346,4798,6220"
568,568,"1533,1478,5545,5199,4413,4277,5303,2565,13296,9942"
570,570,"6220,2218,7707,8590,13296,13436,3088,7706,12058,9799"
573,573,"3870,10916,4277,811,8421,8343,8562,3902,5712,12385"
594,594,"10189,12467,10356,6967,6012,7583,2140,10835,6137,11685"
601,601,"10326,6220,5290,7374,350,2199,4798,12606,13110,8343"
605,605,"13218,4117,5999,3797,785,751,1408,5422,2903,13058"
641,641,"1862,2705,2218,457,6220,2281,5303,6441,8590,2038"
650,650,"1763,3049,8421,7707,12758,10326,8454,8590,6772,4974"
675,675,"438,1220,2789,5555,8385,2218,13296,9799,1290,8922"
677,677,"1290,8567,12497,10663,13309,1977,3697,7120,5573,13101"
679,679,"11384,12857,1210,864,3950,4056,1180,6971,4798,10916"
683,683,"8572,643,11289,9454,7707,2218,8421,11403,12842,5495"
687,687,"1598,2218,6220,8031,4798,810,2158,89,9115,16"
705,705,"4320,5303,11775,9306,2140,9971,797,2602,5946,5135"
708,708,"10663,1290,296,7120,2916,12497,13101,5135,8567,9295"
712,712,"6220,9942,4117,3799,10835,5545,5199,13381,4305,11565"
715,715,"9317,2140,10097,1290,2946,11272,4798,4277,10326,811"
728,728,"10607,4277,10336,9962,7063,1977,5135,345,8254,9960"
743,743,"8421,2411,6659,4798,1978,4947,860,8590,8015,11622"
753,753,"8421,3597,1473,5610,9093,4798,12990,5303,1223,811"
757,757,"2218,7707,6220,1598,9942,8590,4908,2411,811,1501"
768,768,"12813,2218,2140,1079,12857,12990,5524,7948,12246,9968"
797,797,"2343,6834,4117,6220,10326,5553,2537,8279,4946,5782"
813,813,"10963,6554,12404,4036,7120,4111,10648,11125,11630,6971"
832,832,"2916,1244,6576,7120,9295,1290,10674,5690,2969,353"
833,833,"3870,5545,1290,2769,12606,2140,13347,7707,10663,4862"
844,844,"2869,11459,12606,7707,2140,8244,7207,5545,1286,5485"
858,858,"4576,10389,8475,296,1290,4406,6610,7471,7120,11298"
874,874,"10607,11298,4664,1851,4576,10137,5135,13370,13024,296"
875,875,"3545,12470,13346,4798,11000,8590,1037,1432,8421,2140"
892,892,"8562,13296,6220,9799,4798,10326,2140,6925,12793,6474"
897,897,"89,3950,13296,5545,3799,8505,2789,454,6091,3491"
912,912,"1328,6971,1290,4250,12474,10241,4430,10412,1529,8554"
924,924,"13346,7723,6591,12242,9455,12857,6020,10326,11775,7197"
926,926,"13296,2218,11221,1220,7120,89,8590,12069,1290,6962"
933,933,"12404,1912,6115,11010,2140,6726,1776,9257,4798,7835"
944,944,"8562,13381,5545,6220,12606,9455,5669,10420,2903,13296"
951,951,"9799,8590,1478,9555,8421,12331,5303,5495,6971,7138"
974,974,"6962,6220,5485,12665,5303,8421,2140,4277,10315,8562"
1010,1010,"383,9962,8590,232,8342,10663,9306,11117,5135,1400"
1013,1013,"7024,8922,3909,6089,7948,8590,13191,3016,5303,1571"
1016,1016,"2058,4430,3870,7707,11403,9799,6220,5303,13296,1022"
1023,1023,"296,11298,7120,1290,3697,2916,6971,11992,12497,9962"
1035,1035,"4929,1290,2916,2140,8567,4777,8590,12497,6445,10663"
1046,1046,"12404,2218,12857,1290,9942,4798,4277,2140,8590,13296"
1051,1051,"8590,10241,9799,7120,13296,13309,1290,4929,12497,2012"
1057,1057,"9229,851,12036,4798,7138,9799,9580,11843,8590,2958"
1064,1064,"9962,4929,1290,9668,789,10663,5476,5142,1747,5135"
1080,1080,"8575,2789,1223,2896,12584,5603,5094,4798,2822,9443"
1089,1089,"11969,4277,4025,2218,4755,5303,7197,4679,1776,811"
1090,1090,"976,8226,6788,6971,12990,4430,6107,1220,1223,8235"
1103,1103,"1978,4323,6220,1681,943,11289,12665,11993,13189,12944"
1123,1123,"11304,1977,2218,5142,1287,12858,4706,11048,12085,4613"
1134,1134,"11843,2440,11282,851,8590,8421,12990,2789,12404,2990"
1136,1136,"9459,12606,7707,11384,8590,3078,2411,1978,2281,8293"
1139,1139,"7707,12058,10835,10288,7374,6220,13296,9970,9459,9083"
1154,1154,"1290,6586,2218,10914,5303,1220,9942,7665,12665,13110"
1169,1169,"11298,296,4576,1290,9962,9170,3570,12869,10663,10464"
1173,1173,"5976,7707,589,3487,5149,1856,13265,7787,7345,7784"
1178,1178,"11289,1684,6220,2140,12253,1220,10835,8879,12944,2218"
1190,1190,"9065,1684,6091,125,2789,3950,10039,8885,11646,1220"
1205,1205,"8922,2380,2896,2140,4602,11289,12793,8421,4798,10976"
1217,1217,"11298,4664,10607,1779,9971,1851,4036,12615,11775,6812"
1218,1218,"6220,13296,5962,11403,5976,10429,4576,13377,544,10835"
1230,1230,"2712,7723,3317,4117,2293,5375,861,1010,332,8922"
1250,1250,"5303,8590,6971,4277,4798,13211,9072,12385,8869,331"
1252,1252,"10063,13058,11622,12787,12531,5999,5532,1118,2218,4117"
1276,1276,"10835,4199,10063,2771,6220,931,5999,10778,7983,13296"
1279,1279,"10663,9962,8567,4929,13309,9295,1290,5142,5135,12030"
1281,1281,"9580,4277,9072,8421,560,12990,3908,811,1328,212"
1288,1288,"258,2218,4798,11726,1220,4277,2140,11010,6781,6095"
1305,1305,"11298,10648,13431,4036,10607,10389,9962,4576,5135,1851"
1320,1320,"6857,12606,7524,7792,4413,3799,6166,1220,9410,6220"
1321,1321,"11459,5545,4277,7707,6220,2140,10326,1978,8590,9455"
1328,1328,"5303,8997,13296,5199,5816,7707,10288,8590,12438,8703"
1343,1343,"8421,11843,2140,851,331,8562,10138,10594,6971,6515"
1345,1345,"10326,2343,12215,5303,4576,1276,10891,3766,9072,1180"
1374,1374,"5934,9732,2957,10674,1558,4216,10687,11298,3720,13431"
1410,1410,"11522,5669,12124,8590,5442,11024,7120,1220,4215,7948"
1414,1414,"7325,4935,3464,2732,134,2140,2123,3652,4858,7763"
1420,1420,"1700,5303,454,4947,3515,7443,9454,3055,12788,11403"
1440,1440,"10429,5976,7707,12606,6322,992,5962,13296,7840,8590"
1441,1441,"10429,12606,1863,8607,4230,5524,9729,6220,5135,2411"
1443,1443,"8681,12899,3010,5545,615,6220,247,9600,12606,12665"
1458,1458,"1558,420,10102,4216,10687,2957,10674,1290,9732,4163"
1492,1492,"8562,9867,6220,5303,1478,7723,12680,2218,393,2199"
1496,1496,"8562,6971,6220,4924,8161,5303,8590,6892,7578,9799"
1499,1499,"4277,10326,5999,1180,12126,4798,4117,2218,6326,11004"
1504,1504,"11298,10674,10389,1290,6610,8475,8650,3772,5135,9185"
1516,1516,"11771,9375,11757,5760,11660,13383,10835,10974,5786,9607"
1523,1523,"2767,1287,5603,9580,10138,8161,2218,12857,11723,10262"
1534,1534,"786,7679,4716,10857,8034,10674,3720,11401,7740,3464"
1539,1539,"4576,10607,1779,10674,13370,10137,7679,11298,10389,1891"
1559,1559,"10389,8475,1779,8824,2372,11125,9960,8635,10464,13431"
1572,1572,"5135,5303,4277,331,811,11843,9580,8421,4798,5485"
1573,1573,"1912,9489,4277,8421,9072,11396,9341,10326,2140,9580"
1601,1601,"5976,13296,4101,2303,9799,12026,1983,7706,8922,5545"
1603,1603,"13399,10196,8421,10326,7304,6902,10950,9105,9942,8333"
1604,1604,"9580,1978,10594,4974,8421,12779,6220,8562,11843,2158"
1613,1613,"11298,2773,7120,1779,296,6610,11024,10389,2391,10674"
1634,1634,"8421,3950,7197,12990,1664,3214,11272,4199,4798,6971"
1642,1642,"1832,2140,8562,4256,6618,6025,2541,2218,6326,6011"
1643,1643,"5135,7706,1244,789,7955,11117,1400,10663,1290,8590"
1654,1654,"131,7020,13301,7038,1220,8562,6971,13296,6220,9942"
1657,1657,"4576,13370,8970,3101,12995,10674,13067,6610,2066,290"
1674,1674,"5545,10993,2218,9203,5536,6947,11403,8505,10835,2140"
1702,1702,"9729,9942,7707,12934,9799,6220,2218,11403,5545,1598"
1719,1719,"6402,7763,8868,5105,4399,9375,6082,3987,8178,2769"
1725,1725,"4277,8421,2411,10326,12857,1180,8562,8590,2140,9072"
1726,1726,"2140,9306,6971,7383,8593,12184,1921,12871,5485,8922"
1728,1728,"2218,1220,5303,89,13296,12857,5866,13381,12665,6971"
1735,1735,"8922,7024,3909,7983,13191,3670,89,3797,8235,377"
1739,1739,"12133,789,6811,1977,8922,7120,5142,9295,2784,10607"
1774,1774,"4277,1598,13296,7707,6220,2218,3112,5303,2982,10835"
1780,1780,"10674,1290,10389,11298,8590,4036,13370,3239,10137,2989"
1799,1799,"8421,2771,12026,11180,9078,217,8590,3950,9580,5303"
1813,1813,"3950,6220,10326,7391,8421,2140,8562,560,10835,4117"
1834,1834,"11751,2091,9365,10859,8562,1763,3055,6220,7436,3474"
1835,1835,"8911,10739,6169,10974,3652,2732,2123,7332,10707,6952"
1841,1841,"3697,1290,12497,296,10607,11298,12869,6243,10464,9185"
1863,1863,"5545,9733,2140,9641,6220,2218,12665,2903,11800,4413"
1878,1878,"13150,11622,7900,1997,6091,6220,3799,8562,9353,10340"
1879,1879,"2343,6834,4117,3909,10326,11680,1100,10835,5782,8922"
1910,1910,"11243,10663,8567,7120,12497,4083,10530,2885,3697,10322"
1911,1911,"392,6220,5303,2140,2922,5069,414,7723,10326,9422"
1919,1919,"6220,8562,8590,5538,1220,2411,4576,8421,13381,13249"
1925,1925,"13431,83,4940,11298,9295,10102,10674,9732,4216,1851"
1926,1926,"1779,10607,296,4664,9962,5135,7279,11298,1851,4036"
1931,1931,"10107,13111,7982,7478,4560,9850,10974,3169,9375,7127"
1940,1940,"5303,10916,4798,4277,3950,1421,10027,2140,851,6971"
1968,1968,"12990,1776,8421,4277,7197,6220,6971,331,5866,13346"
1981,1981,"3870,5303,9729,2140,6925,1957,10326,6220,1220,2380"
1992,1992,"10674,10137,1290,11298,11024,9732,13431,4036,12088,10389"
1998,1998,"12096,8560,7494,1779,9295,54,9664,10389,2769,6812"
2000,2000,"83,10674,7279,2957,5934,11977,4036,10102,3464,12995"
2017,2017,"10326,6220,8421,3950,4995,4798,1478,5610,4277,12857"
2036,2036,"3799,11289,5524,4199,11541,2903,5592,10835,8235,1978"
2044,2044,"10972,2218,8421,6781,696,1210,6326,12990,6220,8607"
2047,2047,"5135,789,1779,10607,11298,5969,2769,4036,11775,3539"
2052,2052,"7408,10464,4152,2769,9072,9971,1328,1290,7120,9170"
2055,2055,"5495,3545,2140,6220,1542,7707,13296,609,914,5303"
2069,2069,"4798,7707,1220,5999,9799,8590,5303,2218,10326,9942"
2075,2075,"13346,2411,4277,5303,4414,2822,3950,454,2218,6220"
2089,2089,"4679,4277,811,9215,2218,10916,8421,4798,837,851"
2093,2093,"6982,10589,1514,163,7723,10029,12944,7792,12632,1249"
2127,2127,"9942,2380,8590,4387,12990,12857,2218,10818,5866,7197"
2135,2135,"5545,8235,2822,1507,89,5422,4199,5199,8016,2343"
2137,2137,"3537,3697,12253,1290,4576,12474,7120,4326,12497,11651"
2141,2141,"5545,2218,9570,7707,8590,12341,11800,89,9942,6456"
2147,2147,"4664,7471,1779,789,2391,13198,13370,8475,10389,1879"
2150,2150,"4219,2140,8562,4322,3048,7197,6220,12857,4798,811"
2153,2153,"8575,2896,5303,2822,1525,10126,6220,12584,3330,953"
2158,2158,"11298,1851,9732,12869,2769,3238,10607,4708,9960,7679"
2178,2178,"2218,13257,4315,5177,1091,4798,5545,3096,3491,4346"
2180,2180,"9072,6220,7900,5303,487,8562,7707,5545,4974,2343"
2181,2181,"4576,7784,3128,10674,8028,10429,5962,1290,13296,10581"
2193,2193,"2567,11622,931,8562,11751,4414,6220,5545,6302,861"
2216,2216,"2106,10326,8421,6220,2140,10701,13346,1978,2218,8590"
2224,2224,"8292,1912,6726,9257,12404,1532,6115,2218,13160,2140"
2231,2231,"7983,2808,6220,10835,13249,2218,89,5199,6838,12680"
2242,2242,"6220,6638,8562,10132,4277,1017,811,1210,544,11710"
2243,2243,"4117,11357,3799,5422,6220,2140,2120,4798,2343,8590"
2247,2247,"7867,10092,2343,8590,9098,6220,2218,479,1763,8205"
2262,2262,"8590,4576,12359,7120,1290,5135,331,789,8562,6220"
2271,2271,"13211,811,10916,4277,3870,8421,4025,7228,1407,5303"
2284,2284,"6220,11403,4413,13296,8922,7707,2140,3992,3055,5303"
2287,2287,"2343,5524,13192,4117,3127,7723,5999,12793,8413,13381"
2291,2291,"717,4025,9593,2140,8421,12857,2218,6302,4277,8590"
2293,2293,"1290,4576,8590,6610,8254,8517,9888,13309,5303,8126"
2294,2294,"9485,8485,10326,1220,11384,7197,8590,11455,1249,3963"
2301,2301,"4865,9799,2140,6141,12404,8590,10678,7983,13381,6220"
2310,2310,"2140,4250,11969,6220,7707,13296,7867,8590,1220,8421"
2341,2341,"2291,2140,6971,6220,8421,2537,3950,9164,12793,11357"
2345,2345,"1851,9732,11298,12869,9960,10389,10674,4708,7971,7679"
2348,2348,"11298,10674,296,13370,10607,7120,9295,1290,4036,1851"
2349,2349,"4694,8421,8343,943,4798,1180,10916,761,1210,5999"
2350,2350,"4277,6220,5866,12053,4679,10674,2411,4694,8819,7558"
2355,2355,"4277,9580,2140,4798,5303,4117,8421,1776,1180,1421"
2383,2383,"6220,11622,2343,6962,10835,2411,5761,4602,8421,2218"
2393,2393,"12680,6220,5545,8590,10326,9942,8421,544,22,6971"
2399,2399,"296,7120,12497,11992,2916,4929,1244,8567,3697,11626"
2421,2421,"3428,5545,4277,2343,811,2140,2822,9799,8562,791"
2435,2435,"9580,10736,3799,4416,1353,10039,6220,7897,4492,5524"
2448,2448,"6220,5228,914,7339,7707,9083,8922,1929,3055,838"
2452,2452,"1290,6971,11929,8922,3088,4929,6568,8590,12030,6243"
2464,2464,"3870,1478,3937,3950,2218,4413,9733,9487,811,10326"
2470,2470,"13111,2782,2732,2940,9644,5901,8911,7332,6640,9375"
2478,2478,"9799,6971,5422,1571,5303,2140,10835,5549,3877,12026"
2506,2506,"5545,11622,3950,4798,6220,5303,10340,1220,8643,5199"
2523,2523,"5875,8922,12044,6971,2449,9454,5524,176,4214,7983"
2527,2527,"12030,8567,10322,1400,3697,4387,12497,13101,6971,10530"
2528,2528,"5556,2343,8608,12026,6220,6971,7944,2218,8274,12990"
2530,2530,"4798,976,9455,2140,2903,4482,5303,10835,393,12606"
2533,2533,"6220,2140,8562,5303,3491,4798,4413,13249,10608,9580"
2540,2540,"4572,7575,12078,4609,2732,1210,4465,8562,8911,1380"
2558,2558,"10778,2822,5303,3614,1798,10835,3127,6220,8922,5349"
2559,2559,"6402,12665,7087,6220,2218,2903,7707,8607,8590,13296"
2592,2592,"1230,121,10835,5542,8590,10700,5495,544,6220,2238"
2599,2599,"8421,2140,4974,6220,1328,13346,2580,9580,11843,331"
2608,2608,"296,6220,13296,8590,13406,89,9530,2218,7706,10137"
2613,2613,"5008,5135,8635,789,11298,4036,10648,8034,7120,9295"
2616,2616,"5303,9799,2140,4413,13296,7637,4798,6220,8562,1478"
2617,2617,"10429,4383,275,1863,8495,6322,5962,8590,5976,11992"
2619,2619,"931,8562,2567,11751,4602,11622,5545,4414,8505,6302"
2622,2622,"4537,1290,10799,2218,7120,4576,12635,296,4613,13296"
2629,2629,"10607,7120,5135,11298,789,6812,9962,12903,9189,4036"
2648,2648,"4036,4664,6322,9730,3238,9962,3539,5135,1466,3222"
2654,2654,"3728,129,1927,2896,9744,7707,8305,6741,10525,857"
2668,2668,"13429,987,4250,7706,10429,1244,3114,5911,2091,9101"
2703,2703,"4264,9635,10326,2411,220,4118,2218,1664,3565,8333"
2710,2710,"6220,4277,2218,9072,6971,7138,3766,8562,1776,4974"
2713,2713,"4351,8590,4414,9409,11384,5485,10326,7983,1912,9553"
2722,2722,"5142,13309,9170,4929,296,8284,5135,11775,10663,4664"
2724,2724,"10663,12497,7120,3697,4929,789,1290,13309,296,9962"
2727,2727,"13436,2218,3088,6220,7892,13117,5545,9799,13346,6797"
2755,2755,"10674,10687,7669,8504,10102,420,531,4216,3720,2957"
2769,2769,"11422,8590,4798,6220,3870,9295,12026,11775,2140,8333"
2776,2776,"9580,6220,2140,10916,4798,10326,8590,5386,6971,4117"
2781,2781,"1290,10663,8567,4929,6243,296,7120,4387,4083,4777"
2782,2782,"11298,7120,10648,10607,3070,1290,12869,296,4731,4251"
2789,2789,"8505,12371,2903,10087,4266,4117,3127,7983,8279,10835"
2794,2794,"9942,6260,5420,12787,9968,13381,2990,5610,9410,8562"
2804,2804,"3870,6220,5545,4414,12606,8562,4602,13296,2218,7792"
2819,2819,"5819,2140,2218,1978,12793,10835,11289,3950,6220,8076"
2846,2846,"7706,5149,3088,6892,11403,6220,9937,5966,8981,8590"
2851,2851,"4255,7120,9942,2989,10687,5514,3238,4218,4940,5934"
2861,2861,"12143,13328,8421,13249,2411,10916,8590,2140,4117,10326"
2862,2862,"2140,8922,3548,296,1220,5696,8562,6243,2343,8421"
2867,2867,"12397,134,3766,1323,2442,6621,9340,10326,5605,2218"
2873,2873,"7327,10476,646,13397,6490,10801,4120,7308,5203,12041"
2880,2880,"7707,4430,8235,1978,1290,470,6220,13403,6971,9799"
2881,2881,"6634,6220,3950,4974,8421,8562,9942,4798,13249,7707"
2886,2886,"4277,4798,8590,9072,1017,2916,8421,2048,12339,8483"
2891,2891,"4388,4728,8608,2822,2343,4798,5199,5999,9593,4117"
2908,2908,"4576,4940,89,1290,296,11298,5135,10674,6960,2391"
2910,2910,"6220,4315,8590,5303,7707,9799,10241,8703,11403,4250"
2915,2915,"1978,3055,1163,11540,3950,2218,3797,6091,1331,11590"
2935,2935,"2218,6220,5532,13296,393,5545,3950,5303,4430,12665"
2946,2946,"2988,8284,9295,10607,13431,1779,1290,9364,11298,11775"
2948,2948,"5934,4576,9960,8475,7937,2773,10674,458,8607,9185"
2969,2969,"6971,5189,8922,7948,9454,3491,9733,3870,10288,12665"
2979,2979,"9732,1558,11298,4664,13370,2957,10674,9971,11775,1851"
3036,3036,"1755,7856,11298,11775,789,13370,5075,4036,9500,4028"
3050,3050,"8562,851,2218,11289,11622,6220,8590,9600,6580,3055"
3056,3056,"6220,1978,2218,1172,4947,5545,9455,12779,4277,10326"
3061,3061,"4277,8421,4798,8161,4947,10326,5303,4679,8562,851"
3066,3066,"12672,12815,4644,11655,11538,13296,587,6547,6220,5303"
3069,3069,"4277,6795,8590,5485,7063,2140,10326,544,1290,6220"
3094,3094,"2218,4277,4974,10326,2822,10039,16,9072,8421,217"
3106,3106,"11615,7707,4430,5386,105,12723,5669,7891,7345,3870"
3110,3110,"10378,296,6227,1290,3870,2916,350,4929,926,9404"
3115,3115,"3491,2589,6220,10326,2218,2337,11751,4011,9292,11540"
3136,3136,"10607,10326,789,9942,648,2218,12435,11298,969,6220"
3159,3159,"5545,3945,867,11771,10356,2218,4256,1101,6854,7191"
3166,3166,"3545,5495,609,7867,4277,6220,13296,1220,914,4798"
3172,3172,"9410,4243,12665,7707,11195,9729,11969,3870,2140,2287"
3200,3200,"6220,1017,4277,9072,2218,6971,8421,12990,5545,7138"
3217,3217,"9968,4277,4798,10326,1634,2140,7197,2218,6751,5386"
3218,3218,"2859,7707,4576,3697,10322,7120,789,4929,8421,9942"
3229,3229,"8421,12404,10916,12990,4277,12857,331,12925,5642,717"
3230,3230,"5382,1507,1580,1290,296,1779,7120,9295,10607,544"
3274,3274,"12404,9306,12871,8452,1833,2353,3089,275,2149,6971"
3285,3285,"851,4277,2140,6220,8421,837,331,12857,4798,1180"
3316,3316,"2411,2218,3992,13249,9459,6220,3870,7558,11643,4414"
3319,3319,"8421,10752,2140,12813,9968,953,8922,6971,11506,3055"
3323,3323,"4798,5303,8590,1249,11622,7792,6326,4413,6270,7053"
3346,3346,"2372,9647,12627,7679,2769,9732,3697,5934,11471,4098"
3354,3354,"6220,3870,1244,4798,5545,8505,5485,1598,11800,1017"
3368,3368,"2218,6220,3950,7138,2140,9968,10758,5533,6788,10104"
3374,3374,"9901,13091,6015,6481,12412,9993,9332,6146,3294,4414"
3391,3391,"5545,6220,10326,1220,9641,811,4974,11843,9178,2140"
3397,3397,"2218,5545,5524,8031,6220,796,64,12067,7120,12761"
3404,3404,"8681,2218,9083,5303,7715,1863,5485,896,10429,5532"
3408,3408,"6220,5303,10326,10608,6971,8562,2580,2140,2789,9968"
3416,3416,"3909,8354,2140,8590,1290,9072,7964,6971,10835,6026"
3422,3422,"8590,5386,6220,10326,4798,8421,9729,2012,4101,12990"
3423,3423,"861,7707,2411,8562,6220,3799,6330,12379,6482,3950"
3426,3426,"5303,1290,3870,8164,7707,6220,5545,4576,9942,8205"
3436,3436,"131,9083,8590,5976,1244,1841,12665,13296,863,2238"
3448,3448,"9580,2218,8590,1180,2140,837,3437,4277,11345,10063"
3464,3464,"7707,10224,3950,2305,9942,2218,4946,8279,6220,1220"
3472,3472,"7792,393,2903,3209,1249,6084,1220,12473,6270,10589"
3477,3477,"8982,1220,8590,6220,9410,8607,8562,12184,10608,5303"
3488,3488,"2369,5545,3950,12531,13110,2305,12907,6641,4974,13346"
3497,3497,"11622,6220,7707,5545,8562,13110,3428,2090,2343,7900"
3504,3504,"10326,4250,6252,9882,6322,1027,6253,6971,5962,2671"
3517,3517,"11368,5303,3345,331,6220,13296,4277,4414,4798,7781"
3538,3538,"5495,3545,609,6220,5893,2140,1037,2789,1220,6971"
3544,3544,"5545,6971,8562,4414,3950,13346,9942,13296,2199,6641"
3547,3547,"2975,10974,5760,585,13111,9375,4572,2769,3652,4465"
3569,3569,"8421,9072,8949,12180,8590,7707,6220,8071,8562,851"
3570,3570,"5241,10774,134,8115,12101,7902,4153,4158,9180,6549"
3575,3575,"4277,2450,2140,4413,8966,2218,3406,350,8562,2380"
3579,3579,"8562,2218,8590,6220,4277,851,9580,6580,7707,5485"
3588,3588,"5582,8473,12663,7623,8274,5803,7471,3733,10158,9525"
3592,3592,"1290,13431,4036,4664,7679,11775,9072,12339,4576,8284"
3617,3617,"8421,2140,6220,4679,8562,4199,2903,7900,851,4798"
3632,3632,"6220,3870,9942,4602,11403,5524,9729,8922,8235,12341"
3650,3650,"11117,12665,6971,8590,1290,10648,3056,4277,10326,9962"
3654,3654,"13271,1217,1307,2140,811,544,5249,3870,2218,4929"
3656,3656,"7715,6971,2140,4101,8053,8472,5303,13314,8703,3106"
3678,3678,"8302,89,6220,296,4929,7120,762,12129,789,5135"
3681,3681,"13111,13130,5251,3169,11757,6640,7878,7127,11337,4560"
3683,3683,"7197,5642,10241,8343,10100,5199,4277,8126,9341,11843"
3685,3685,"13296,5485,2140,4277,9072,8562,7707,10326,8590,811"
3699,3699,"11298,7679,10607,1576,789,9102,7120,6610,2957,296"
3707,3707,"9799,6965,13296,3870,7707,6220,2990,9729,11795,8333"
3731,3731,"1290,7120,12497,9295,10663,3697,2916,8567,4929,1334"
3737,3737,"6971,1180,3055,9968,8421,10916,3577,11622,3950,5999"
3739,3739,"8681,12899,2218,5545,6220,615,11751,5524,4413,9600"
3744,3744,"6220,13296,3992,1478,1220,8235,1210,544,9600,7558"
3753,3753,"13296,3577,8922,5555,4413,9799,4798,12680,11994,89"
3778,3778,"1299,10677,7986,12887,177,3055,379,1189,6220,3766"
3786,3786,"4798,5537,6166,9596,5303,9942,5545,2993,4482,3055"
3790,3790,"6220,8562,4798,2587,3870,8681,9799,9968,10340,7707"
3804,3804,"11289,2218,6220,11403,4277,9459,5866,12665,7707,10835"
3805,3805,"8421,6326,8922,2140,8505,3950,9799,7913,6220,4946"
3819,3819,"8293,10441,71,4602,6220,12665,5524,9942,1156,9729"
3827,3827,"2732,247,5760,9375,516,3464,13383,6060,5105,5103"
3829,3829,"4798,12404,9799,6326,8562,2140,12857,5303,7462,6433"
3841,3841,"4277,1776,5303,2140,8421,6326,7197,13290,12990,5442"
3849,3849,"4688,4216,1851,8650,5135,3722,2957,9960,4163,9732"
3928,3928,"10389,5135,4576,9960,10137,4664,10607,6220,8590,7120"
3988,3988,"4216,4940,11401,7679,10674,8034,5934,12615,9732,7047"
3994,3994,"10663,789,2916,8567,7120,296,6243,5142,1290,13101"
3998,3998,"5303,2140,8562,13346,2411,11969,1572,4798,6091,8590"
4012,4012,"864,4053,7014,5761,3055,7197,8421,4118,1912,4798"
4021,4021,"1180,976,8421,10063,12990,2140,10835,7867,10326,12793"
4022,4022,"9799,8590,4277,6220,5303,2140,1210,4860,2218,1220"
4047,4047,"8562,6220,10989,3950,11000,7707,6166,2140,438,10326"
4073,4073,"296,1290,4929,10607,10674,11298,3697,13309,12497,9185"
4099,4099,"2218,4277,6220,11706,566,12229,7558,5303,544,5485"
4100,4100,"1286,1220,6220,5634,7707,5303,7723,8562,8590,4798"
4120,4120,"3545,9149,4798,9184,8922,5303,2140,454,12470,11282"
4126,4126,"296,10607,10389,7120,8254,1290,10663,11143,10137,5135"
4136,4136,"9799,2218,10326,12919,6166,2140,1347,9968,9437,6220"
4160,4160,"1558,4216,4163,10102,2957,11298,2095,5934,4940,4218"
4173,4173,"11298,296,4929,1290,6220,12497,10648,9962,2140,12596"
4177,4177,"11298,11260,3435,4036,9883,13370,11775,8475,6379,1779"
4183,4183,"10326,6220,10656,3870,811,1478,909,13346,2140,4798"
4191,4191,"10663,1290,4929,8567,2916,13101,4387,7120,11775,9962"
4195,4195,"2140,8510,9938,1912,1634,11871,2218,5303,9942,6220"
4213,4213,"813,4277,2218,544,2343,4755,6220,3766,89,6641"
4226,4226,"851,2218,4277,4679,12793,2158,13249,12404,7138,7558"
4227,4227,"10464,9962,10607,4664,1290,9295,186,6812,1779,1138"
4232,4232,"8562,5303,5999,1180,3340,3950,2567,3055,2905,8421"
4255,4255,"10845,3209,8590,4184,8562,6220,13296,2989,13309,7948"
4258,4258,"5816,7707,2140,5555,2058,2411,1079,6220,560,8475"
4274,4274,"10326,1912,8421,4277,4798,350,716,2140,12857,1328"
4289,4289,"9962,5532,6971,296,5663,11024,89,8922,678,12990"
4295,4295,"4256,1832,6011,6735,7878,2541,12029,9482,2140,2769"
4300,4300,"9093,2218,7197,6220,8562,10326,4798,2140,4277,331"
4334,4334,"7983,941,7657,11622,4277,12425,8562,9729,11800,6220"
4361,4361,"9799,2140,6220,7707,8922,5875,8421,3826,4946,6326"
4377,4377,"5313,2140,9799,7835,8562,2218,4798,1286,1478,6115"
4412,4412,"3464,11239,1290,6425,9231,8911,3697,4576,12184,13024"
4415,4415,"7955,2169,9572,9799,12476,5135,11349,10217,11994,6166"
4424,4424,"3088,11008,7120,12030,4698,12610,7707,13309,5149,6971"
4425,4425,"9340,9455,7197,2499,2140,8562,2411,6220,4798,8421"
4430,4430,"11010,6220,4798,609,4277,9455,851,13249,7707,7867"
4433,4433,"2218,479,11843,6220,6166,11751,1478,6326,63,6270"
4436,4436,"8473,2218,8590,4798,131,4414,6220,5556,1220,5303"
4458,4458,"11795,11622,4798,12635,5303,5673,560,6982,1543,11584"
4461,4461,"3697,7707,7706,836,6307,11417,8562,5573,589,6220"
4488,4488,"6220,2305,3509,10778,8279,13296,13249,3055,3317,11403"
4497,4497,"5135,9962,13309,1244,9295,10607,2339,6811,1012,1290"
4498,4498,"13296,2218,2158,2265,5303,5866,5270,2140,4277,4917"
4504,4504,"2140,5303,8922,3950,8235,8562,9340,5495,7032,2218"
4510,4510,"249,11222,1598,13296,6220,8043,7558,3870,4277,9942"
4512,4512,"3193,3652,2936,9395,7332,1338,9375,5760,5137,10974"
4513,4513,"1927,129,12584,6741,9744,811,8305,5720,4798,2896"
4516,4516,"11298,1779,5135,10137,10674,4664,1851,9732,13431,2391"
4526,4526,"8562,5303,10429,13296,6220,11403,7705,2058,8590,544"
4528,4528,"8826,13296,1355,2218,8235,5303,303,9942,2380,5495"
4542,4542,"6220,2903,2343,8590,4199,4117,10835,9693,8279,8562"
4559,4559,"10607,7120,296,11298,10674,1290,4929,11024,12869,12903"
4572,4572,"9733,6971,1724,8562,2903,4413,220,10326,5545,5610"
4575,4575,"12793,5080,6220,2140,4277,2411,5303,8922,4199,3870"
4583,4583,"13346,8421,2411,2140,4798,3799,11540,6971,1180,4000"
4602,4602,"8721,1290,11774,10986,10663,8475,12339,7120,247,6018"
4608,4608,"9177,8714,4664,4028,786,11775,13431,7679,9500,7864"
4609,4609,"13296,5545,2140,9942,1847,7558,22,8562,2499,2903"
4626,4626,"1290,12823,1479,13346,7120,4576,8922,296,5866,3799"
4642,4642,"7578,7983,9454,2789,5303,8421,10241,2903,2990,773"
4653,4653,"10820,7280,6220,4413,2476,2380,12793,737,8922,1210"
4664,4664,"5657,4576,12184,2989,853,1681,12995,6270,13024,8590"
4665,4665,"4929,2916,8567,13101,2885,10530,7120,12030,8554,12474"
4672,4672,"9882,10429,3979,5272,816,11291,3334,4383,1779,13268"
4680,4680,"2140,7707,5545,4277,5303,10326,1680,4068,9455,7197"
4705,4705,"7983,3055,4117,13381,8430,5549,10835,5999,2238,6414"
4707,4707,"7389,11368,6220,1912,2218,4798,9309,8590,12404,10326"
4711,4711,"2218,13397,3774,7595,13296,4277,5199,5745,2411,7197"
4732,4732,"5545,6220,12192,13110,9941,393,811,6641,1017,3774"
4734,4734,"5135,1290,8590,2916,7120,4777,1977,789,13309,3697"
4735,4735,"8567,12030,12474,10663,12497,9962,296,7120,10322,1400"
4749,4749,"10137,3280,1290,10389,4576,6220,3239,8590,12497,13312"
4751,4751,"7024,10464,7488,10326,89,3870,1210,5524,2903,13110"
4762,4762,"5524,8505,6971,3515,5592,4432,9454,6220,3317,2567"
4767,4767,"8421,6220,4277,4798,544,837,11843,6433,11010,10674"
4771,4771,"6220,8562,3052,13296,13346,9729,5673,7558,9410,5545"
4773,4773,"6992,6015,3939,9993,6146,5259,6220,1598,9332,10017"
4776,4776,"7707,5247,11272,7892,6856,2140,13296,2218,6449,316"
4783,4783,"2343,13110,10326,9800,6220,8562,3055,9072,4946,8590"
4788,4788,"5303,13249,12404,331,9880,11282,9234,9580,10792,4679"
4808,4808,"750,12606,7146,791,8562,10326,4277,837,1323,3112"
4810,4810,"11540,2218,1411,6971,9733,3950,9942,2990,11726,10027"
4818,4818,"7707,6220,3870,5545,9229,7197,12606,6560,9115,10326"
4823,4823,"8922,9799,4706,2140,6220,12026,8421,5819,8593,8235"
4829,4829,"4243,4323,8235,5545,6220,683,8562,6982,12404,1220"
4842,4842,"10608,5303,6220,296,793,9072,8590,10529,13296,8960"
4859,4859,"7707,6565,6220,13381,4976,4990,4256,2218,6971,2140"
4866,4866,"6628,9170,10721,2769,12316,9295,3674,7391,11775,9942"
4881,4881,"7197,393,11993,9455,6270,4865,6326,12857,12990,7792"
4908,4908,"13214,5946,12871,383,8590,275,8402,3925,1747,10163"
4910,4910,"296,1290,4929,3697,10607,12497,3539,13101,4387,6243"
4922,4922,"851,8421,12404,12857,9340,2218,7558,7138,13296,331"
4942,4942,"2218,10326,1585,8830,5545,4277,10607,4946,4602,296"
4976,4976,"3464,12903,1779,13431,7494,11024,2769,1576,3222,10607"
4993,4993,"7706,9799,13296,7707,5485,11403,6971,1983,9729,12606"
4995,4995,"1776,6220,2140,7063,9580,12990,8421,6588,4798,2169"
5020,5020,"5135,13370,10581,4489,3645,2391,9398,13431,3438,4036"
5040,5040,"12404,12331,6395,6166,2808,1634,8562,5545,8590,13381"
5048,5048,"2140,5303,37,3285,8452,5819,350,9511,4648,2670"
5058,5058,"6220,2903,1290,4266,4117,5866,8590,5545,7707,8505"
5067,5067,"2218,4575,4277,4066,4908,1287,5006,4706,5603,11051"
5087,5087,"6220,10326,3781,4277,8421,4679,3799,4305,11010,10063"
5090,5090,"9454,5875,5524,7578,2140,7024,12253,1761,1571,6220"
5102,5102,"8235,6971,1156,9799,9748,2140,3777,5595,5875,3006"
5103,5103,"6220,2789,4315,6971,6166,10326,7983,1220,3770,11282"
5105,5105,"5149,4250,5303,7707,8981,11615,7706,5976,10918,3515"
5108,5108,"2789,6971,5303,2567,5339,8922,2071,9449,454,4798"
5119,5119,"10835,2218,12321,8922,7536,8235,89,4413,1290,2343"
5120,5120,"2372,2340,13431,13370,2391,7679,11298,353,1290,5135"
5124,5124,"10136,5303,7256,6220,5902,4413,8590,12680,837,4798"
5132,5132,"10241,8235,1769,11622,7207,11740,2108,8597,5999,10916"
5138,5138,"218,8475,2372,9971,9295,3697,8284,8635,4576,12869"
5144,5144,"2218,2411,4277,13346,6433,8421,10326,5303,10916,2140"
5159,5159,"7197,8562,6220,13296,4798,5866,2411,10326,9072,5413"
5167,5167,"4798,5303,7715,8293,13299,220,5506,10241,8421,8343"
5175,5175,"12404,1912,2291,6388,5303,5946,12856,4877,37,9306"
5176,5176,"10607,10674,7120,9530,11298,9295,9962,8590,3697,13370"
5185,5185,"5999,6123,3577,2567,4117,3340,10326,9443,5303,4798"
5189,5189,"6220,3127,4199,1526,9430,8853,10339,8018,2791,9454"
5191,5191,"6441,3127,12253,5545,6220,12665,12606,2218,9365,10779"
5206,5206,"7707,4250,6971,10241,6220,10663,7713,9689,2218,10916"
5213,5213,"6220,12606,13110,7707,3055,8562,9942,8293,11969,7197"
5224,5224,"8562,4277,2218,2140,12026,5303,4798,6220,331,4679"
5226,5226,"11298,10389,6610,11024,10607,9295,10674,12497,1290,1244"
5241,5241,"789,9960,1290,10674,7120,10663,2916,296,11298,1244"
5264,5264,"9295,7120,2372,11298,10663,1290,3697,9746,9962,11024"
5268,5268,"8562,11282,6220,10326,5303,2140,6925,4277,7707,13306"
5270,5270,"6971,6962,2218,586,11403,544,5485,2140,6220,8562"
5287,5287,"3515,8505,7428,4263,2140,454,11396,4798,3950,9443"
5314,5314,"9799,7187,1210,7673,7792,2343,6220,12990,11403,12606"
5318,5318,"4250,8590,12736,13101,2327,3487,8554,8567,3467,12550"
5326,5326,"11291,9031,10429,11615,8078,10614,1863,12606,7792,9799"
5336,5336,"331,8421,2158,2218,5240,12787,1299,8045,10437,10481"
5343,5343,"12029,13206,9942,4823,7679,2218,9962,11969,11775,2123"
5347,5347,"8590,2903,2411,13249,1347,6220,11405,7723,6962,3799"
5354,5354,"3509,6839,13322,6383,4032,12763,8922,10205,6220,10326"
5356,5356,"6971,9799,2140,2218,7511,8590,8703,331,2910,13296"
5367,5367,"5303,8562,265,13296,9729,7120,12606,6220,3870,12944"
5373,5373,"2140,8607,10326,9968,4012,3950,2990,5545,8505,3127"
5385,5385,"13296,12606,10241,8590,6220,335,6474,7707,1824,1290"
5458,5458,"2140,6220,5303,2343,2245,4798,9799,9729,11384,12911"
5463,5463,"5135,12606,3870,6683,8610,9901,12404,2140,9565,6322"
5471,5471,"41,3720,7669,13418,7279,4036,789,83,2693,11024"
5476,5476,"8472,5142,8421,5303,10025,13007,2140,10835,10326,4117"
5484,5484,"6971,5896,6220,2140,3055,5303,11911,3198,6040,2072"
5508,5508,"10674,11298,9295,13370,1779,7120,11024,4036,10607,9500"
5513,5513,"13296,11103,6220,7707,8590,8681,12723,12058,8562,12606"
5520,5520,"10326,4277,6220,2218,5665,9941,2199,212,4798,1978"
5524,5524,"8421,6484,5673,13110,7707,2038,6982,13257,3934,6962"
5539,5539,"10782,10835,2903,9218,6220,3509,12665,4124,12425,9600"
5554,5554,"2140,9968,4798,8562,10326,9580,6971,2789,4277,6220"
5564,5564,"3468,11001,2343,2861,8590,10916,10326,9072,1180,13346"
5595,5595,"1220,6220,10546,3773,13296,8922,2218,8235,89,10983"
5601,5601,"6971,2218,5303,8590,10462,10326,9306,1290,976,2140"
5602,5602,"11969,10326,3614,8421,3950,9459,2140,3870,9799,7707"
5618,5618,"4576,3704,8630,10581,1851,296,8475,9732,7971,11298"
5643,5643,"10429,4230,12606,6058,6220,13381,5524,7120,7707,1220"
5644,5644,"4444,12936,6123,751,8421,8590,5303,4798,11396,12990"
5651,5651,"2218,2140,8590,331,6220,4277,811,13296,5303,6971"
5655,5655,"5495,3545,6220,12659,609,7707,89,2789,914,5303"
5658,5658,"3770,2140,6899,9799,12404,4101,851,1700,1223,9580"
5660,5660,"11158,10974,2769,10739,7982,6201,7721,5760,13383,3464"
5662,5662,"6220,2903,4062,6041,11622,11737,2218,9942,5761,3055"
5670,5670,"1684,125,10242,6091,3950,10039,9065,9580,6220,2580"
5676,5676,"5934,13431,10674,9295,8034,9609,10687,12995,13138,11775"
5680,5680,"2140,3055,5303,11622,4117,12680,12404,7392,5124,12509"
5698,5698,"129,10126,789,1927,1446,2896,5512,3728,1250,3958"
5710,5710,"8279,12470,9455,11590,2645,7594,5495,11969,1210,1736"
5723,5723,"1779,10137,11298,4576,10607,9960,2419,10674,9500,247"
5742,5742,"8505,10835,11289,5422,115,2822,2478,4199,5999,3909"
5748,5748,"13196,12665,2165,6823,13110,9421,4798,8421,2372,4024"
5750,5750,"10429,5976,2058,9799,11403,13377,4430,10835,1747,5303"
5787,5787,"2140,176,9633,9025,5537,3746,9454,4413,8421,13296"
5798,5798,"5545,4277,6971,2343,4025,8562,3870,6220,1598,10670"
5799,5799,"9306,5946,11692,7504,5747,2291,7439,2149,4761,4877"
5815,5815,"1977,10607,1290,6220,6971,13309,789,9962,6811,10835"
5822,5822,"5303,368,4798,8590,2238,6373,4414,1912,2218,8593"
5834,5834,"5303,6326,4413,13296,3260,11403,3992,1118,8590,1299"
5846,5846,"2140,2380,6971,12793,2218,5303,5022,4345,4277,851"
5858,5858,"9799,12331,6971,8421,5124,8703,2140,2199,8235,2380"
5882,5882,"2218,12404,12758,2169,4277,10326,851,13249,4798,331"
5892,5892,"7146,12606,9449,750,6925,791,8235,8562,6164,2218"
5897,5897,"2140,5007,4413,4798,11326,9968,13296,4448,2199,1797"
5898,5898,"4637,4798,12857,8562,3870,2140,6115,3766,1937,1572"
5902,5902,"8562,5022,12787,12130,5545,2655,4277,2140,7983,9325"
5919,5919,"1287,6220,10916,10326,4277,2140,5485,7707,8421,4974"
5934,5934,"2848,1220,5303,13296,4277,2343,5199,9942,8562,4798"
5946,5946,"10663,7120,10963,1977,12497,10607,1290,2916,4387,12030"
5965,5965,"12887,1299,10956,1220,6971,9449,12249,4199,8590,12026"
5995,5995,"2140,8562,6220,5532,4277,2218,5622,5536,8421,9938"
6005,6005,"6610,4576,11298,2957,9295,7120,10648,296,5135,2339"
6006,6006,"2218,8562,2846,12606,12510,220,10700,7792,9968,7707"
6013,6013,"2140,4277,6220,10326,1220,4798,3870,8922,607,7707"
6016,6016,"2140,4917,1996,4277,7775,10916,11357,5999,7130,5303"
6023,6023,"10663,12497,7120,8567,6243,4777,13101,5135,9295,3697"
6052,6052,"1273,8505,2218,8279,8922,5532,13058,11751,11667,8018"
6056,6056,"13322,5731,8922,1045,10417,2580,9072,2461,5545,6220"
6059,6059,"10608,8759,8421,8590,8483,2990,11751,8562,5610,4771"
6064,6064,"785,4117,11357,5999,11712,8590,2571,13218,2990,10835"
6091,6091,"5999,13058,2567,11712,8279,2789,10835,3950,11357,5553"
6112,6112,"11298,2957,4163,4216,9732,10102,10674,7679,4664,9960"
6133,6133,"2343,5532,331,4785,10063,6220,13110,4277,5545,2903"
6150,6150,"5610,13296,4376,8053,2140,2380,4101,6887,2265,11772"
6155,6155,"5303,4277,8161,8421,2140,4798,9234,11969,628,3870"
6157,6157,"851,9580,331,8421,12990,4798,649,8161,9968,2140"
6212,6212,"12793,1426,9143,1598,11751,10326,11845,12606,6326,13296"
6218,6218,"2411,4277,8421,1180,2140,12385,8562,4785,1017,4261"
6242,6242,"6220,5303,2140,10608,3055,9229,9729,1220,560,6843"
6243,6243,"8590,2140,5303,11384,2343,2332,9485,4277,9072,7197"
6260,6260,"129,1250,1525,8421,11203,10608,9584,4277,1634,9842"
6262,6262,"9375,3243,13111,10974,3464,11660,6082,5786,11771,10732"
6278,6278,"2218,16,5303,8681,5485,4277,11892,12857,4469,6899"
6280,6280,"3950,5545,7723,2140,6220,9580,5303,6971,8562,3055"
6287,6287,"789,2140,4277,5573,11843,6971,7063,11784,7531,9962"
6305,6305,"9942,5303,1118,9072,2218,8590,8607,4798,6220,7138"
6320,6320,"6220,9799,8590,11403,4388,8233,5866,1299,2343,3909"
6339,6339,"2218,11289,9718,4413,10288,3766,1145,1978,5199,796"
6360,6360,"6227,9072,5826,9185,12573,876,2343,12635,7707,89"
6370,6370,"6220,13110,5545,12665,2140,12944,9459,7863,7707,3055"
6376,6376,"6220,13296,2218,1220,10546,4277,58,7792,5676,8922"
6378,6378,"9295,4036,4576,1779,5135,10607,10263,9621,2769,1090"
6379,6379,"8590,8562,6971,3055,5303,3305,1319,5485,6326,2238"
6398,6398,"2343,6834,10326,4277,8343,4117,2537,6220,8590,5455"
6422,6422,"6971,4277,8421,4413,11236,3106,13403,10608,8561,12331"
6424,6424,"10835,8590,654,5545,11800,6026,2218,2238,2903,11289"
6436,6436,"824,6220,12758,8590,7983,8421,10916,2140,10326,11384"
6454,6454,"6638,1220,2343,4277,544,89,12611,5622,6220,8279"
6464,6464,"4277,4798,6220,8421,2158,1220,4679,9580,12404,5303"
6479,6479,"2218,8562,4277,5303,3246,6971,331,8875,2366,10986"
6485,6485,"10429,10532,1863,11103,5149,5976,10802,9083,5636,5573"
6488,6488,"2453,2218,8819,274,5545,8869,9942,9190,11384,5303"
6490,6490,"4798,3870,3515,18,6982,7723,8562,5673,12757,6220"
6498,6498,"2140,8562,3950,13296,6220,9580,1912,10326,2218,12680"
6533,6533,"4664,1290,5142,1779,2885,11846,9170,12869,296,1977"
6577,6577,"6220,4277,10326,5303,2343,3803,2140,8219,4798,6795"
6579,6579,"2140,12857,6115,11939,2169,4277,1912,4798,5302,7835"
6583,6583,"8590,5545,8421,2343,1328,1978,2903,6220,393,544"
6597,6597,"8728,8562,2411,2255,6220,10835,4277,11599,7197,2343"
6599,6599,"8590,10835,789,10336,12665,9799,8302,12694,544,2990"
6607,6607,"8607,9600,6220,5545,9942,5363,9072,6940,2218,2580"
6613,6613,"6971,6220,8562,9203,7792,7558,9600,3349,13381,6137"
6622,6622,"5760,2769,7047,9375,7679,9295,3938,11775,353,1779"
6637,6637,"5545,2903,8235,2343,10326,6220,9365,454,4117,5553"
6644,6644,"4798,9485,8343,3488,7197,976,11540,8590,10326,9848"
6651,6651,"4163,10674,6610,9732,13431,11125,1779,10687,4024,2957"
6674,6674,"8590,7459,6399,6031,13381,6220,12857,3766,9455,3628"
6683,6683,"4117,4053,7079,10835,3055,9786,4266,9134,7547,8279"
6686,6686,"4929,11117,10429,9564,8567,6126,7120,10663,494,13436"
6707,6707,"6220,10835,8279,5532,4277,5303,13346,331,4388,13296"
6724,6724,"5875,11403,9454,11289,8590,6220,12669,7707,3487,11171"
6729,6729,"6220,6141,2343,7197,8562,7707,10835,12665,3870,12164"
6739,6739,"438,4924,13296,2140,2218,2789,3870,9799,1220,1996"
6756,6756,"2218,2140,9658,5464,5007,1532,12856,5536,3950,8825"
6764,6764,"7707,6220,6305,10288,10488,3491,11969,8421,2140,12606"
6768,6768,"8562,6220,811,5303,9341,8590,7558,8681,8043,1478"
6787,6787,"7558,2140,2449,3055,6971,11282,1286,5303,454,4413"
6808,6808,"2769,290,1290,10137,10389,8000,7255,12869,1542,13370"
6811,6811,"7197,544,8421,4277,8092,6220,2687,1891,5545,4798"
6812,6812,"8590,5303,4698,7707,12857,5999,11843,13296,10326,7558"
6831,6831,"7707,8590,5672,499,10607,9570,2380,296,9791,4798"
6833,6833,"4644,2903,5524,3055,11403,7087,2927,12483,1432,3127"
6840,6840,"9799,8703,2140,6899,3515,6522,3055,7578,2789,4322"
6842,6842,"11298,10607,7120,10674,1290,11024,12903,1755,296,9746"
6855,6855,"11298,10607,2916,4664,1779,8135,1851,9732,83,11024"
6869,6869,"7578,5214,6270,4798,3992,10326,1776,7462,8562,3766"
6874,6874,"11992,6322,10674,10648,10137,5135,8590,11620,10687,7120"
6879,6879,"2218,11899,5545,3096,13257,2038,4346,9203,4798,4315"
6885,6885,"152,5676,11732,3755,4551,7864,3799,10818,10873,6971"
6886,6886,"8869,11384,5135,274,9190,6971,2453,12857,2218,9340"
6902,6902,"4277,10326,7707,11405,9072,5485,7900,2140,8562,7197"
6908,6908,"13431,4664,11298,8721,3697,296,5135,789,1755,7971"
6911,6911,"5494,11239,10200,5786,13111,2338,10543,9375,247,13137"
6912,6912,"2453,8819,12476,2218,274,6971,12857,8869,9282,5545"
6919,6919,"11298,296,9962,1779,8167,4036,4664,789,7120,11024"
6926,6926,"11489,8707,5399,7578,220,9454,2149,1912,3055,2905"
6934,6934,"3822,5940,1978,9451,12665,2411,8092,4277,9178,7478"
6935,6935,"2140,1598,4277,10326,5303,13296,2158,8421,9729,5502"
6939,6939,"8590,1220,5303,9799,1210,6220,5025,8235,164,2140"
7000,7000,"6220,5545,12429,1290,13296,2281,6971,6529,5485,9356"
7003,7003,"3875,3950,10326,6220,10835,1278,10431,8590,560,2140"
7005,7005,"7197,331,8562,4694,1634,2140,6220,12990,8343,10063"
7042,7042,"2218,8922,6971,331,4277,12990,9799,1598,10326,3950"
7045,7045,"10974,7332,1557,4798,10739,5760,13383,2769,13111,2935"
7047,7047,"7948,7637,8922,8703,9799,10429,5149,9942,5976,7707"
7053,7053,"2218,5524,6220,13296,9799,5545,4497,6962,7707,5866"
7063,7063,"7197,10326,4277,8421,837,7391,6220,560,12990,12385"
7067,7067,"2218,1220,2771,10864,11590,10529,864,8562,10063,121"
7071,7071,"3726,2236,3055,4315,5303,10326,2567,6220,2140,1912"
7078,7078,"6220,5545,2580,3428,4602,4798,9455,4946,1254,3055"
7109,7109,"2218,6402,2637,7763,6284,9964,711,2541,4256,11834"
7118,7118,"11010,4005,6220,11843,4798,609,851,2158,1776,10138"
7129,7129,"10674,4576,10326,2957,7120,1779,11298,4655,1558,353"
7133,7133,"9072,10442,11384,10405,4256,6402,4430,2218,7513,4414"
7139,7139,"9295,1244,9962,6610,13309,1290,5142,6243,8475,3697"
7142,7142,"8421,349,8590,8707,9072,4277,4413,1432,10326,9788"
7146,7146,"3055,4266,7983,976,10835,2903,8922,6971,5433,2789"
7172,7172,"6220,4277,4706,8421,10138,4974,2140,11843,4575,2169"
7181,7181,"8590,5303,10326,5549,8922,6971,4798,12680,89,12026"
7195,7195,"2140,12857,851,4798,12990,4277,2169,12758,6220,11751"
7197,7197,"8562,7558,2218,4277,7707,8421,8590,11289,860,499"
7203,7203,"7120,1290,10663,4929,3697,12497,296,13101,4777,5135"
7223,7223,"13296,6220,2140,2990,1220,7707,10132,2411,12606,12042"
7235,7235,"4216,2957,3722,10674,4218,9384,12808,10102,9732,8057"
7236,7236,"296,10137,110,7120,4036,4929,2916,9101,9295,5178"
7237,7237,"7707,354,6218,3929,589,12497,4250,7706,9083,6697"
7255,7255,"5042,1747,10336,12680,12497,4929,1290,3697,13346,7120"
7297,7297,"2537,8590,10326,9693,5782,5545,8562,10835,12787,6220"
7320,7320,"8413,2140,1847,4798,8922,2218,5303,11910,560,2199"
7323,7323,"2218,6220,1355,3055,6041,5495,11615,2280,9600,4413"
7326,7326,"9799,8235,4576,4965,2140,2903,1776,13259,8590,8333"
7343,7343,"8421,4277,4974,12990,992,9938,717,6433,7808,6971"
7363,7363,"2218,8279,2990,2140,976,7983,13296,5524,7707,4277"
7364,7364,"8235,6971,8562,5303,3055,8922,12026,4798,10326,12787"
7366,7366,"12417,6091,8562,3799,11147,12282,6220,13346,1572,2218"
7372,7372,"2822,8575,129,2896,8792,12990,9729,8119,6741,1220"
7399,7399,"1174,5524,3351,1156,7892,7707,779,8028,13436,3870"
7402,7402,"8562,4430,2380,2140,9799,6042,1220,11784,2820,7707"
7406,7406,"10326,6220,12665,8884,6404,10607,1328,2989,11289,13136"
7421,7421,"10835,7536,12321,8235,8922,2218,4413,10205,3055,652"
7425,7425,"9295,3697,9185,12497,9083,7679,9170,9942,7686,1290"
7431,7431,"10916,1912,9968,9580,12476,4277,331,9178,1776,851"
7447,7447,"12085,4066,1287,6220,7469,8189,4575,2158,4908,5603"
7451,7451,"2058,8235,6693,9799,2373,12330,7707,8590,12026,9083"
7453,7453,"10462,7120,5896,10752,4262,6971,2140,7384,5625,2808"
7456,7456,"7271,907,296,4664,5934,4576,10581,4111,566,7120"
7484,7484,"3818,2769,9398,11052,11125,296,11298,10137,404,9185"
7486,7486,"4798,8562,2140,5999,5199,10916,5700,6220,4947,9799"
7505,7505,"11343,296,2769,1290,4036,4576,7120,12665,10389,13370"
7529,7529,"11282,11202,8562,8161,2218,11048,331,2140,10326,6220"
7532,7532,"11298,10663,13431,10607,1779,1290,9732,10674,12869,9295"
7548,7548,"2567,12404,8454,10027,6220,2140,852,9729,11784,2789"
7550,7550,"11843,5420,2237,7707,2140,5618,2218,8421,9580,10063"
7557,7557,"11142,2936,1521,9644,2140,9375,12204,10326,5690,7332"
7574,7574,"13309,10607,11298,7120,10389,9170,1977,10581,8993,296"
7586,7586,"1863,7707,8113,5636,9404,4250,2137,6220,9942,10378"
7592,7592,"12204,3652,5786,2769,10739,5105,162,9375,10732,5249"
7594,7594,"1202,8590,4413,6220,13296,10835,8562,2580,9600,6137"
7600,7600,"3491,9292,10326,2589,2337,3875,6220,2218,3428,12857"
7601,7601,"1912,10326,9135,8575,2292,240,5303,6302,11282,1996"
7642,7642,"2140,6220,8421,8562,811,4798,10247,5485,11455,8590"
7647,7647,"2291,2140,3137,8421,6971,9454,7024,3149,12026,6450"
7650,7650,"4413,4943,8235,2140,9306,7994,10794,10835,6302,2218"
7660,7660,"1851,9960,1290,11298,9732,10674,13431,10607,12497,1576"
7682,7682,"2580,6220,2218,4277,2808,1776,7138,1978,8922,5545"
7712,7712,"5303,715,2580,6220,2218,5545,9600,89,11000,4414"
7728,7728,"149,4172,2077,1809,10326,5999,11368,13351,2537,4006"
7763,7763,"5303,6220,10224,2580,10288,12609,7900,9600,4413,2218"
7764,7764,"3870,9729,8562,11939,4277,2140,12404,9799,811,13296"
7765,7765,"11024,10674,7279,11298,2259,1779,4024,7120,9732,13431"
7768,7768,"3950,504,1664,12990,7197,2567,8421,12857,7900,10916"
7776,7776,"1290,1244,4576,296,789,10137,5142,5135,10607,3697"
7834,7834,"4843,3968,5303,9598,4575,6588,4816,13270,2958,13014"
7850,7850,"4974,4277,12611,331,1180,2158,2905,9711,717,3050"
7860,7860,"13431,1851,9960,4216,2372,3464,5934,10674,12866,7679"
7879,7879,"6971,5303,1776,851,6515,331,12857,9443,2140,5999"
7892,7892,"296,7120,13296,4576,1290,3697,8590,9962,10137,11103"
7895,7895,"7116,1478,1143,13296,4603,2903,12665,12859,5303,9799"
7901,7901,"10916,4679,8421,851,8590,331,5545,4277,1299,1598"
7922,7922,"6641,6220,3950,8590,1180,7983,4117,331,3112,9449"
7927,7927,"12321,5762,7064,1220,5303,8235,8703,4101,5149,5532"
7931,7931,"2537,2343,8590,9693,8562,10326,544,331,4679,6220"
7938,7938,"4416,12562,6220,6870,811,4974,8421,4277,9938,5413"
7942,7942,"12404,8562,8421,6220,4277,7707,7202,652,331,11282"
7964,7964,"11622,7723,7053,6220,10326,3950,6925,7705,2218,11350"
7982,7982,"7503,2140,7707,2098,4798,5303,2411,3321,9942,5545"
7988,7988,"13309,789,2784,8922,13101,7120,4929,12497,5663,11923"
7992,7992,"2218,9580,11540,4025,331,6899,4974,851,4798,596"
8005,8005,"4413,8922,2140,10835,6166,6971,6892,6520,4430,5303"
8019,8019,"10857,12227,3464,5137,7679,4935,10732,390,7681,10009"
8026,8026,"4798,9580,6220,10288,8421,4277,6433,6326,4237,393"
8028,8028,"2343,8590,5532,5303,4117,6220,10326,12858,2537,2411"
8085,8085,"2140,8221,11635,6220,13363,6626,12378,5303,1912,7063"
8103,8103,"13296,2238,10487,10027,5524,1290,7120,89,12042,8922"
8108,8108,"6182,6641,5023,11384,4915,8590,11018,220,11622,7063"
8137,8137,"4602,13296,5524,2567,6220,8922,4413,8279,89,4199"
8138,8138,"4277,6433,2140,8421,9072,1328,8343,217,2897,5303"
8139,8139,"5303,9903,4798,6889,6115,8421,12793,4277,9340,7039"
8148,8148,"8590,6962,12404,13296,5545,10326,331,6220,4798,5303"
8150,8150,"1017,2140,5545,2164,12665,10326,4798,5130,89,12857"
8160,8160,"2957,4163,9673,11299,6610,11620,7120,4216,9962,2140"
8175,8175,"12665,8562,8590,2903,8421,1210,3055,5545,2343,1978"
8191,8191,"10607,2916,1090,6610,11918,12995,1244,6812,10137,4664"
8198,8198,"2140,6220,10326,1017,4277,9580,5545,13296,5485,66"
8202,8202,"4576,10607,3697,1290,13370,7120,3539,9962,11024,11512"
8233,8233,"2940,7477,2935,10754,7302,7127,3169,11337,7963,5251"
8251,8251,"7707,864,11568,5999,1978,6220,3055,36,560,9306"
8252,8252,"9306,9600,8590,6220,5303,1105,4277,3950,8562,13286"
8265,8265,"13296,5303,4698,2218,2140,9799,6220,8562,4413,2380"
8267,8267,"10732,9375,10974,4935,10739,5760,11546,5786,3887,13111"
8268,8268,"717,10151,227,2218,4025,1210,4277,2343,8300,12665"
8294,8294,"2380,4798,13309,12026,7120,8590,8562,1912,791,6220"
8299,8299,"10648,3697,4613,4777,4576,789,1977,11298,296,10336"
8302,8302,"12404,9257,4277,2265,7835,4798,11871,4895,1912,2140"
8303,8303,"296,4929,1290,10607,4777,11298,10674,10336,4664,13101"
8323,8323,"2218,12793,3950,5303,3055,9799,1220,4798,2140,2220"
8327,8327,"1210,10389,5545,2218,6220,4277,4413,8590,9189,10607"
8331,8331,"6896,587,12815,2414,7740,13381,4935,1521,3567,2903"
8332,8332,"10607,11298,4576,3539,1779,11024,3697,13370,12869,4664"
8334,8334,"11572,11726,8421,2140,4798,8505,6971,3950,2337,2218"
8337,8337,"10712,9295,5135,11117,1290,7120,7762,13024,12497,296"
8341,8341,"11751,12680,10326,9449,6220,5485,7707,11282,2567,2218"
8361,8361,"6962,13296,1747,8590,4798,5545,6971,3413,11966,10326"
8369,8369,"2830,2865,7202,9550,2218,6220,4733,782,13296,9942"
8378,8378,"11289,10288,46,7138,5303,9942,6688,11263,2218,9733"
8407,8407,"2769,6082,5760,5105,5786,2920,4465,3464,3652,2732"
8419,8419,"296,10336,9072,12665,5135,10607,1779,13370,7758,8960"
8424,8424,"7706,7383,7306,1244,10462,7471,3088,7707,1469,8590"
8425,8425,"2507,4399,8562,11384,2506,10118,6107,7197,7611,3870"
8438,8438,"11651,12030,10298,1290,296,2619,5135,6434,3697,4387"
8447,8447,"4694,1180,8421,4277,5303,1210,10326,8267,8343,943"
8458,8458,"10581,6552,8475,10674,1558,7120,9971,4163,2957,13370"
8463,8463,"13296,4414,7558,1978,4277,6220,8590,13249,3437,13346"
8471,8471,"1287,7027,12857,2218,6220,7707,12404,12560,5303,10138"
8472,8472,"2957,9960,1558,10674,13431,4216,10389,9295,1851,4218"
8477,8477,"2218,4277,8527,7983,1747,4679,810,607,8421,454"
8478,8478,"7792,1249,10589,4946,3209,2903,8505,2218,853,9725"
8483,8483,"442,8846,10336,4929,4664,10644,11117,9942,13309,4552"
8496,8496,"2140,5303,8421,4277,8562,6326,7197,2199,316,13346"
8497,8497,"7707,4550,5545,7983,6220,3870,12665,12606,9942,9229"
8501,8501,"12398,220,5303,6220,8235,2108,9385,5463,12026,8922"
8506,8506,"3950,2199,9192,13110,4337,5545,1478,12606,3248,6489"
8520,8520,"2411,12857,12385,11843,8590,8421,6220,5626,1776,837"
8524,8524,"4083,7120,6220,2140,6243,12497,8590,1290,4929,8922"
8531,8531,"331,4277,13296,6638,5303,6141,1912,2140,966,992"
8556,8556,"3870,4798,4277,2140,6220,10039,2199,6971,5545,8562"
8579,8579,"11298,4576,9730,3222,10607,12869,3238,13431,5135,10389"
8585,8585,"7110,7707,9942,303,4576,1228,8607,12606,789,11348"
8591,8591,"7792,4188,2218,9600,2897,10537,6220,12665,4576,7725"
8592,8592,"10663,789,10336,9746,6625,1554,7120,5075,7590,10644"
8596,8596,"6220,3992,2140,2411,2343,10835,9729,3950,2903,5999"
8598,8598,"6220,7707,3870,9942,3055,5545,11843,6641,4243,8562"
8608,8608,"9295,10164,9438,10674,13309,5135,9185,5410,2372,1290"
8610,8610,"11298,7590,789,9962,11117,6054,11143,10389,1334,1290"
8617,8617,"789,6610,11298,296,10607,8475,9962,1290,1851,10389"
8621,8621,"2218,5857,5123,9942,3060,3870,5177,5866,9443,5199"
8629,8629,"462,5310,8421,8590,12665,13150,9580,331,8562,6220"
8649,8649,"2990,9353,3870,7707,5545,2140,7120,9455,9072,811"
8652,8652,"5135,1779,1851,5142,11298,3697,12096,1244,6243,4664"
8714,8714,"7120,9637,8562,9942,9838,13296,2218,12935,4576,6220"
8718,8718,"6971,8235,12348,2140,13294,10315,7138,5875,9454,8922"
8733,8733,"6610,4576,11298,10648,2957,5135,7120,9295,10674,4163"
8734,8734,"7087,11540,2218,5524,4414,4413,5532,10915,11289,1585"
8754,8754,"4199,5303,6220,5532,13296,2140,12857,7707,10529,8922"
8771,8771,"9454,5545,9799,328,9203,1412,8053,12944,1156,5966"
8791,8791,"265,12927,9627,7558,1220,11992,4664,11969,7802,6220"
8794,8794,"8922,6220,9937,3055,2789,4946,5199,10326,7707,9799"
8797,8797,"4310,8922,6901,10326,5762,2140,8235,2218,10288,4798"
8804,8804,"10288,9627,7689,1210,8590,2426,8421,5545,9942,2771"
8809,8809,"11691,331,6971,6220,9968,9942,9733,4798,9178,8590"
8823,8823,"10137,10663,11298,10607,9960,1290,7120,4576,8135,10389"
8833,8833,"4277,10326,5303,544,6220,1328,350,2218,9072,9580"
8835,8835,"12995,3238,353,13024,4576,2969,1879,54,1290,11214"
8840,8840,"11784,9799,8235,4332,4877,2990,7578,2140,5564,732"
8842,8842,"2218,1763,6971,9238,1978,6220,3055,11520,2580,8922"
8860,8860,"10674,2218,4576,2957,11298,8714,5135,4664,9962,9960"
8866,8866,"8421,3870,3950,6971,5866,4277,13346,12026,4199,6220"
8877,8877,"11484,13257,10613,5115,5676,9189,9942,7707,11320,5189"
8887,8887,"3667,11650,2958,6971,12330,10873,152,1422,3143,9131"
8895,8895,"9375,12621,9916,7191,6082,5760,9395,2936,899,9854"
8907,8907,"789,9962,4111,1779,7120,4036,296,11298,13101,3539"
8921,8921,"5525,5857,2091,10693,9628,8590,12857,4798,7707,2861"
8928,8928,"2769,6082,5105,3464,10739,5760,12458,5786,6060,12698"
8936,8936,"8421,9771,3115,2958,2291,2140,4939,2169,4798,10594"
8965,8965,"6220,11405,8590,5386,10835,2218,12043,11072,5303,1212"
8971,8971,"11024,7807,5866,3509,10288,11969,10326,6220,1220,10778"
9000,9000,"1290,11298,1576,11918,4036,9960,13431,4664,11775,3539"
9023,9023,"9430,4146,9072,3319,12990,9514,12891,13346,12191,5109"
9025,9025,"11403,6971,5866,9799,12193,6220,11289,8590,13296,275"
9031,9031,"2567,454,2789,9799,4798,2140,8922,5713,12026,3950"
9045,9045,"2218,8167,1290,7120,9185,4277,6812,6625,296,11298"
9053,9053,"657,2218,5976,1992,8562,4576,7707,12606,7120,8590"
9054,9054,"9819,2218,725,9733,10326,5591,7931,31,2411,12857"
9060,9060,"6220,13411,13104,7707,2218,9323,8822,11000,10288,5866"
9063,9063,"2903,6971,9799,454,4413,8413,4266,6326,10835,491"
9071,9071,"1220,2218,10001,8607,7301,9729,13296,5545,3870,9600"
9078,9078,"4117,2140,6971,2343,7547,11289,6220,7964,10326,89"
9101,9101,"5166,4798,3870,362,2337,4414,8505,4277,5303,12857"
9108,9108,"5303,10326,4277,3766,10063,4413,1118,6326,2140,5545"
9110,9110,"1912,4798,4754,6638,9938,3174,8254,12404,5303,4414"
9114,9114,"9971,7959,13024,10607,11298,7279,5135,7120,1290,4664"
9144,9144,"10607,11298,6625,6812,4664,10389,10663,7120,10648,1576"
9172,9172,"4277,5135,5485,6220,9799,5303,10663,7707,9580,789"
9185,9185,"11184,7241,7707,10429,8113,1220,3577,494,4576,11969"
9190,9190,"2958,11732,4816,6971,4277,2140,12990,7705,3325,8421"
9193,9193,"2218,5303,8562,6515,12787,1978,5545,6220,2140,7707"
9198,9198,"4277,2461,7138,12049,6107,1634,4798,9072,2169,5025"
9200,9200,"10835,2343,6811,4053,2537,6834,11951,3127,6795,5866"
9201,9201,"7679,11024,3845,1779,13431,10840,2957,83,3697,10687"
9204,9204,"2218,5303,10326,8284,2307,2580,1210,8925,8421,2140"
9215,9215,"1290,8567,10663,3539,8421,7120,1747,3697,8590,12497"
9222,9222,"9732,10674,4940,8284,13431,1851,10137,4664,9295,9960"
9233,9233,"7986,1210,10677,8421,12665,5137,6717,12887,393,8483"
9235,9235,"2916,1290,296,11626,11298,5135,9837,4613,8590,7590"
9245,9245,"789,10607,296,4613,13309,10663,10644,13101,7120,13027"
9275,9275,"6971,8922,7707,5524,2218,1290,9942,8045,4430,1478"
9308,9308,"2622,9882,5135,10607,2885,5962,2989,6586,5545,4576"
9323,9323,"2340,7197,8590,11151,5495,10389,1558,8421,4664,2372"
9329,9329,"7707,6220,4277,12665,3799,12990,5485,5303,8421,9072"
9355,9355,"8562,2218,9799,13296,12857,10138,2140,13346,2411,6220"
9369,9369,"2218,10288,5470,11867,6919,220,331,2140,6493,8421"
9386,9386,"2936,4465,8911,5561,2769,2299,10974,5760,6060,9395"
9388,9388,"6220,7707,9799,5545,3870,9729,4413,6326,2140,13296"
9401,9401,"4958,5135,1977,9960,3539,10445,12869,10674,13431,8458"
9418,9418,"3870,544,6220,5303,3350,11784,4277,13103,7983,9519"
9433,9433,"8562,2264,4414,12934,9098,10340,5303,3950,2218,5545"
9440,9440,"4277,7197,4798,8562,331,8421,10326,2140,9455,5303"
9446,9446,"7986,2218,3128,13306,8830,4654,3428,3950,12887,9750"
9464,9464,"861,6220,544,6869,7707,8590,13296,5485,4798,9799"
9477,9477,"4798,9072,1598,810,851,6220,5303,2218,12990,9455"
9488,9488,"11298,10607,11024,1290,10389,3222,4036,10674,4664,3570"
9500,9500,"10326,8421,350,4277,12857,7197,1180,331,4679,9580"
9502,9502,"2440,1478,13296,2218,11222,9799,9942,4090,4277,8454"
9507,9507,"1978,4315,8590,2343,8562,6834,2537,1220,10835,811"
9528,9528,"10663,5573,2916,5675,6243,8567,4777,12497,8478,4929"
9539,9539,"7138,331,6220,851,8590,6971,9072,8421,2169,4798"
9566,9566,"8589,4277,1290,8590,5303,3799,6220,4798,10326,2218"
9575,9575,"11000,5292,8562,2140,64,10326,7138,3950,6220,9404"
9583,9583,"393,1681,10326,1220,3950,1180,4865,10027,5811,13110"
9589,9589,"6220,9942,3428,2218,1220,5303,2760,2140,9600,13296"
9591,9591,"9799,6971,4798,9580,837,976,10138,5303,1776,5549"
9617,9617,"8562,7707,1978,5545,1400,125,6641,12787,2019,5524"
9620,9620,"7707,8562,4277,4602,2164,1978,3870,8421,5545,6971"
9622,9622,"2905,6925,5303,4277,5485,4798,8562,10803,560,3104"
9631,9631,"10674,4576,11024,5142,13067,4664,11918,13418,8254,1779"
9655,9655,"820,5303,6971,11910,2218,3950,13296,2789,1746,11994"
9658,9658,"8589,1290,8590,2218,5303,2140,4576,4277,9938,6220"
9660,9660,"7120,11298,1779,4664,9962,9398,3697,789,1290,10607"
9669,9669,"10990,6660,8590,4798,1290,4929,7792,13296,5303,5573"
9672,9672,"6992,9275,6899,7606,4865,10326,6971,6220,8562,9455"
9684,9684,"13111,6011,6060,3652,9375,6952,5396,3169,10974,5103"
9702,9702,"11352,5318,7120,3539,12665,3127,8421,6971,1779,3697"
9705,9705,"8590,10663,3908,6971,4664,5135,2343,579,3570,6302"
9722,9722,"12995,296,6607,5135,7339,740,8475,6243,8650,9971"
9732,9732,"1290,10674,7120,296,11298,2957,10607,1891,10687,4664"
9781,9781,"11103,2679,11992,10674,8504,10389,6220,7922,6040,8822"
9803,9803,"5532,13296,6220,4199,2140,5303,7948,8235,8922,5999"
9809,9809,"13110,4117,9659,12665,714,745,6220,2903,3127,12606"
9814,9814,"1912,5303,9328,10138,2169,9580,2395,345,851,8205"
9818,9818,"2218,2990,6220,7983,12404,5545,5579,9942,9799,6962"
9820,9820,"5858,12611,8011,406,8421,2218,12191,1741,331,1220"
9848,9848,"4277,631,5545,8361,8421,9459,1180,4679,2448,6641"
9856,9856,"5545,8562,13296,1978,12606,9600,7707,2140,2903,9729"
9869,9869,"12665,13296,5485,5545,4563,8590,6220,5555,8505,9661"
9889,9889,"9799,8562,6326,8922,13296,2140,13346,4798,3950,2218"
9923,9923,"6971,3055,3950,1978,10835,9968,5177,11622,6220,2218"
9929,9929,"12425,3799,10410,11622,6572,3870,6879,8421,7290,9942"
9961,9961,"10607,3697,7120,13309,1308,6962,12497,1290,13101,1554"
9969,9969,"4277,8421,12990,6962,9580,331,1912,8922,1290,837"
9974,9974,"2218,8609,7102,6220,10779,1290,4036,13296,5545,5303"
9976,9976,"8145,3507,1220,5545,2218,7679,13110,11289,3509,8590"
9989,9989,"2140,11506,8922,8421,12813,5489,8562,5303,2013,12990"
9993,9993,"10835,11455,2343,2411,8562,13249,3055,5964,5999,8279"
10002,10002,"12606,811,3766,2903,11000,4798,1776,3506,13110,3055"
10011,10011,"1290,13431,11298,1576,4036,2916,1851,9960,10607,10648"
10016,10016,"12857,2169,3055,976,5303,10326,2265,1912,6220,13381"
10028,10028,"5855,3799,9991,8300,8226,6413,5038,11746,7899,12470"
10029,10029,"8562,2218,393,6220,5545,2580,6442,5303,13249,4277"
10033,10033,"5303,8590,6965,11281,7435,8922,13296,4413,7120,453"
10042,10042,"9602,6220,4798,6433,8421,8205,3055,4229,11843,4117"
10046,10046,"8421,9580,6220,7197,1180,4679,4551,11282,11843,10916"
10061,10061,"6220,9942,11843,12857,2760,8590,1426,2218,5303,13249"
10071,10071,"2631,4277,4974,1017,10326,4453,350,6317,8421,7197"
10084,10084,"5932,8522,7227,5545,2218,2903,12665,10835,3870,9454"
10091,10091,"8590,8421,5545,9799,10835,11622,393,8922,10550,6220"
10102,10102,"6220,9962,10607,296,7471,8590,789,4250,13296,7706"
10104,10104,"2218,12654,9072,4453,1912,11267,10326,2140,6220,7138"
10121,10121,"1290,13309,2140,7120,2670,1977,6971,5485,10663,5135"
10131,10131,"13296,8421,3950,12606,4315,13346,1598,6220,8562,9729"
10134,10134,"8092,544,4277,1891,8421,5545,4798,2687,1188,7197"
10139,10139,"6610,4576,11298,5135,9295,7120,2339,10648,10674,296"
10144,10144,"2218,864,4118,3298,2343,8005,10504,5761,10326,11382"
10155,10155,"2218,1453,1478,5303,13346,2990,4798,2140,6270,1598"
10168,10168,"3773,6220,1220,1863,8922,13296,7471,5976,2218,11615"
10178,10178,"11289,1290,13370,6220,8279,12665,8590,10607,10389,3266"
10186,10186,"796,2738,6971,3755,931,12787,11622,5485,7207,5999"
10190,10190,"4277,12990,4974,9598,1180,2158,10736,12857,6971,4911"
10194,10194,"331,5731,8421,6971,10326,2218,6220,1776,4277,4974"
10196,10196,"11622,9076,2218,3464,4414,5545,2559,5303,12927,12368"
10215,10215,"12026,11010,837,4277,9799,6220,4798,8421,10916,3456"
10218,10218,"13296,6220,8822,8590,3870,501,1220,12606,9942,5303"
10251,10251,"5545,3945,10326,6220,8188,5229,89,6091,1290,3317"
10252,10252,"789,11298,5142,9960,10663,10336,10607,10389,2916,9962"
10262,10262,"7792,12473,10589,6270,393,1249,1220,2903,11859,10029"
10266,10266,"89,5545,1017,2164,5303,12665,2140,10835,8235,3870"
10271,10271,"9799,9580,1634,2140,6971,8590,12990,12857,10326,9693"
10277,10277,"4798,10916,3577,851,8922,13346,6971,8562,1180,2140"
10282,10282,"1290,9942,4798,4314,1210,544,9231,1244,680,89"
10286,10286,"10663,8567,12497,2916,7120,13101,12030,6243,4387,4929"
10305,10305,"810,3799,6220,2218,7879,11775,10613,2791,6461,5303"
10309,10309,"12869,11969,9295,3730,9960,2140,9730,9942,9485,5723"
10335,10335,"789,7120,9295,5135,9962,11775,10663,10336,13309,1244"
10340,10340,"6610,1290,4576,296,13198,7679,1972,11298,8635,9647"
10375,10375,"8346,2140,5303,10588,5297,7054,6971,1223,6220,2380"
10388,10388,"5303,4258,823,6326,6971,11888,11784,7833,2218,7374"
10397,10397,"10326,8421,4322,9580,10678,5754,2140,1408,4711,13351"
10402,10402,"6220,9729,8421,8454,11784,2140,6371,3425,6326,2567"
10407,10407,"2140,4277,5303,2411,9072,4974,12857,6952,6220,8421"
10408,10408,"37,1711,6982,3506,4798,8452,6925,10437,12404,1429"
10416,10416,"3870,12793,6220,10326,811,13249,5545,9942,2199,5642"
10448,10448,"1478,6220,2645,8483,10121,2990,12606,5545,393,9729"
10454,10454,"3799,2645,8562,11622,2411,13257,6164,9786,4798,4277"
10499,10499,"6971,2140,10326,7558,2916,5303,2291,1421,4277,1776"
10503,10503,"2218,8823,5943,11403,7707,2140,1290,12310,6220,5866"
10504,10504,"6586,5545,3287,9942,9938,7120,4576,8475,12368,6625"
10508,10508,"1634,9580,4798,8510,12404,5303,7197,851,2140,12990"
10514,10514,"13119,6971,11099,3766,9968,9942,2218,8932,2140,7983"
10526,10526,"7132,891,12077,6220,8593,2140,11384,4277,10326,10124"
10540,10540,"9942,9968,9876,8071,7120,5610,9729,8562,1302,2953"
10542,10542,"2184,2905,1180,8421,8562,5330,11019,3870,837,9942"
10551,10551,"13346,8421,4277,4974,4798,11843,5545,7909,12990,2140"
10554,10554,"1220,12635,7471,2218,393,3329,89,4533,10241,9336"
10555,10555,"10835,436,8235,1715,3081,13381,8562,2303,7707,89"
10556,10556,"5610,6302,7745,7547,4798,7833,275,10608,8421,5303"
10562,10562,"6637,7172,10326,10835,560,4243,6418,4413,6899,3796"
10575,10575,"10687,4163,4216,12615,10674,9295,3722,4218,8034,8629"
10576,10576,"4025,761,9115,2411,7197,2777,4798,811,12857,3781"
10582,10582,"331,11843,5303,4277,8421,9380,5135,2199,9580,4974"
10584,10584,"864,12470,2789,9614,2218,6220,7707,11667,11403,7285"
10606,10606,"7392,2411,2140,9938,6220,837,13123,811,7063,8421"
10611,10611,"13383,4798,10974,4399,1776,7197,11927,2459,7782,11384"
10613,10613,"2140,1359,811,8562,6220,2218,7558,6971,6513,1634"
10614,10614,"10429,8028,5545,7707,3487,5669,10802,5149,11615,1863"
10623,10623,"8922,8235,10785,8421,9454,10835,9799,220,2140,4430"
10647,10647,"11298,12995,10607,9960,10389,4028,13431,4036,9732,1851"
10657,10657,"10594,11396,2140,8590,8562,6971,2990,8421,5303,6220"
10670,10670,"9115,4322,4277,4798,10138,8161,2218,10326,2158,10916"
10679,10679,"10607,11298,1779,789,4664,10336,6812,6811,5135,9962"
10680,10680,"10589,1681,7578,2140,9799,2882,11784,10326,8483,3055"
10699,10699,"6220,2587,9938,590,10326,5485,2140,13296,8421,9404"
10715,10715,"2822,2896,8575,129,1927,10326,4277,12857,1180,5654"
10720,10720,"2091,2343,4277,811,8590,4183,5545,2218,2897,7867"
10735,10735,"8590,3305,13296,6971,7796,10835,2343,11289,5303,7087"
10742,10742,"8636,10027,10589,1249,2140,5545,6924,9459,3209,2903"
10744,10744,"10039,9580,6971,9455,9115,6220,5502,976,10561,2140"
10747,10747,"10916,4277,1328,12404,350,8575,810,1061,2671,10326"
10769,10769,"10608,4266,2199,6220,89,4798,4413,8505,2822,2343"
10795,10795,"5303,2140,4414,10326,10792,10608,6461,2411,1017,1408"
10817,10817,"789,10607,3697,5135,7120,4664,13024,1779,9295,1891"
10819,10819,"5303,5474,89,6220,2218,2580,11622,4798,3870,2140"
10828,10828,"5303,715,2580,6220,2218,5545,9600,89,11000,4414"
10860,10860,"8092,4277,4767,1210,1220,7867,4908,11969,11540,8421"
10868,10868,"2343,9072,544,1290,9295,10389,5135,8608,2537,10663"
10895,10895,"6220,2140,6971,8922,2218,621,13249,8221,8590,12026"
10900,10900,"8421,8161,11843,2169,331,7327,9580,12680,1421,851"
10912,10912,"4688,3464,4216,2769,4664,1851,9732,5934,8650,12615"
10934,10934,"11097,8421,8567,220,5532,12665,9733,7120,9229,8590"
10947,10947,"10835,6971,8421,8675,6220,13249,454,6026,6137,4117"
10950,10950,"7093,4117,4798,9193,8205,2220,5303,8421,8961,9580"
10964,10964,"10607,4664,9962,1244,789,11298,7120,6812,13309,12497"
10965,10965,"5303,7792,1957,8235,2990,10506,8590,1290,12944,3055"
10968,10968,"4277,6220,12857,12990,7197,12191,6433,2411,2218,4974"
10972,10972,"4117,6220,10835,4277,3799,7796,11403,3055,12727,5303"
10975,10975,"9306,6315,89,2140,1290,7120,6971,4798,1912,2218"
11028,11028,"3870,8562,9455,10132,5485,1220,7900,8421,5545,9942"
11030,11030,"7257,12680,12665,9266,11298,6220,1717,1290,5303,3697"
11044,11044,"7513,267,6220,64,89,5545,4576,51,8562,7120"
11048,11048,"10950,4798,811,11622,1220,3950,5303,5545,6114,8643"
11065,11065,"236,6971,10607,10464,7758,7120,3435,3539,9349,11298"
11085,11085,"1779,11298,4929,10607,296,4036,4109,9866,11024,789"
11088,11088,"8421,6971,2140,10138,176,12857,11384,8235,9771,4332"
11100,11100,"11298,10674,11024,10389,9746,2957,10687,1891,12615,10840"
11102,11102,"10326,11455,6220,2343,5528,1220,8562,9600,10459,8450"
11105,11105,"10835,2343,5422,4266,5866,4053,6811,6971,8590,5622"
11107,11107,"2218,8562,13346,811,8235,12026,5303,1145,12635,4413"
11109,11109,"7707,10429,11615,1220,6220,10336,8590,1487,13296,7706"
11120,11120,"11393,7120,5422,3697,8590,4929,11117,12533,98,789"
11121,11121,"12026,6220,11282,8562,4266,10326,11405,4277,10835,9449"
11133,11133,"7982,6090,9375,9459,2975,7517,10974,3938,2769,2218"
11149,11149,"2218,5524,6220,4798,10063,4277,8590,6685,7197,11800"
11152,11152,"1779,9295,3697,10607,2381,1576,6812,4664,9170,4320"
11160,11160,"4277,9580,9602,275,2158,8446,5243,1574,8421,10326"
11163,11163,"6220,13296,2218,7558,9729,13346,4277,12916,8590,11784"
11168,11168,"696,11491,8590,1210,8421,9495,1978,11495,544,10326"
11193,11193,"6220,4077,9863,4976,10063,11010,2218,3799,7197,810"
11200,11200,"8562,13110,9600,2903,6641,12787,487,6220,3428,9729"
11210,11210,"6971,1977,5303,5549,6962,2291,5980,6166,9668,2140"
11215,11215,"7197,2140,1180,4798,7733,3501,13324,10326,8562,9942"
11219,11219,"2769,7679,54,9730,12339,11775,8852,10607,4036,4152"
11243,11243,"7243,6338,9948,9178,8562,2140,1220,2218,4223,10326"
11253,11253,"13309,5142,4664,4929,9170,12497,2885,11846,6811,10722"
11261,11261,"4915,8590,6182,11018,7717,7063,10589,5023,13249,11384"
11280,11280,"4388,2343,3909,6971,5532,8274,10835,12680,6220,12990"
11285,11285,"11024,11298,10607,1779,4036,7258,7494,6279,4576,6610"
11309,11309,"7710,5700,8421,4798,7707,8562,1478,2567,6751,7723"
11312,11312,"10989,2094,8922,8235,2218,13296,6220,4576,2238,10986"
11314,11314,"11367,8126,4277,8189,12085,8590,6220,4974,5303,10326"
11325,11325,"11757,9375,11771,12949,5760,13111,4798,10078,10974,2975"
11327,11327,"13296,7707,5149,10802,1863,2303,7892,2058,1333,7345"
11359,11359,"9957,11272,8590,4798,10608,5303,4117,8607,1062,2411"
11366,11366,"544,13296,3676,8590,6220,8421,5303,1220,7558,4482"
11368,11368,"4216,10674,3238,9295,12615,13431,11401,2916,11024,7679"
11371,11371,"6220,13112,13296,8779,8590,5668,10431,1220,9993,9600"
11376,11376,"8421,7707,1299,10241,7138,7207,8235,8562,9421,11784"
11377,11377,"5303,8562,1287,10138,7578,7558,9580,331,12857,265"
11383,11383,"3950,8421,12611,1408,2905,2861,3870,9404,811,2140"
11416,11416,"4399,7302,13111,2338,6402,632,7127,7480,9370,6082"
11444,11444,"296,1290,10674,4929,10607,6243,3697,10663,2916,6812"
11445,11445,"8421,11843,7707,6899,851,10594,1180,331,7063,11282"
11448,11448,"2537,5782,9693,5179,8590,4388,6834,89,8608,6795"
11469,11469,"4816,2958,11732,8421,6971,851,273,13114,11048,8161"
11487,11487,"11289,7120,12665,12869,5078,9314,7679,5495,4664,1664"
11492,11492,"4101,11115,8562,5303,5485,10326,9340,13296,5214,8235"
11503,11503,"8922,7707,6220,2218,3870,9580,2140,1978,5199,8562"
11504,11504,"2140,12680,2127,8561,9351,2903,8703,9799,5303,1073"
11515,11515,"1347,3667,6220,2140,2218,10247,393,9968,3870,2990"
11547,11547,"9880,4277,13249,5303,6220,811,4456,2218,10138,9580"
11552,11552,"4117,4053,4459,4798,5303,6971,11712,10326,6220,785"
11567,11567,"4277,8562,9072,13346,12857,4798,1640,10326,2218,6925"
11581,11581,"13363,6220,7063,5303,4734,9459,13249,7383,4243,2411"
11589,11589,"8421,9962,4798,837,4631,2957,4664,5470,5135,1017"
11591,11591,"5303,7792,12831,1249,3870,8562,393,10973,10589,12341"
11595,11595,"5135,9962,13309,9866,10607,296,3539,6811,5142,5008"
11604,11604,"2140,4413,5485,13296,4798,12026,1299,2670,12680,2218"
11608,11608,"7438,391,12665,2916,12632,1220,8235,13231,5964,6555"
11627,11627,"9729,2199,3950,1598,4798,10914,10326,5642,5303,4090"
11646,11646,"6220,1220,9942,7707,3799,9799,4199,11010,4305,8421"
11647,11647,"5203,646,7327,10476,10547,8380,7308,6490,13397,12364"
11675,11675,"7462,9072,2007,2264,8071,13381,13375,6220,9306,8590"
11676,11676,"789,9962,296,13309,8475,1576,2885,12681,10607,11285"
11696,11696,"5149,5386,8562,3515,5485,2712,7449,6220,2163,11922"
11700,11700,"8562,3499,696,12723,8235,7707,8590,2380,4430,1978"
11722,11722,"2916,789,10336,1244,10663,12497,8567,4929,8254,5135"
11754,11754,"3351,12053,1174,12067,3870,6220,7707,10685,5524,8562"
11757,11757,"9454,7787,2213,11886,3487,7471,6294,769,11117,2885"
11767,11767,"9799,8562,2238,7024,8235,12026,11622,4602,11384,4798"
11773,11773,"6402,12029,13363,632,449,7250,6659,2975,9964,10078"
11777,11777,"2140,7539,5532,10326,8593,3950,3577,8575,7983,3340"
11778,11778,"9960,789,2391,10663,2916,1290,4552,6812,9962,8475"
11788,11788,"10607,3539,1779,9684,2391,9170,5690,4467,10648,4036"
11790,11790,"1290,8922,5303,6971,8590,9962,10663,7983,89,9794"
11811,11811,"7120,2916,10663,8567,1290,296,4929,12497,13101,5135"
11837,11837,"4036,7120,5303,3697,1290,4414,2218,296,1977,3620"
11859,11859,"8235,11622,3055,6220,5303,6982,8922,3950,454,5545"
11865,11865,"13296,12497,10429,8590,6220,1290,9083,7023,12994,7619"
11867,11867,"2140,4277,12026,8421,2583,13346,12325,11622,1180,1776"
11871,11871,"2218,4277,4798,12497,296,7120,10568,1017,1290,13249"
11879,11879,"7120,13309,1244,1334,2916,10389,12497,353,296,3070"
11880,11880,"2158,4277,8421,5303,5025,837,11843,7197,6962,13300"
11908,11908,"4798,5303,8452,8590,2169,1776,11384,2140,6971,4061"
11912,11912,"6971,9733,3950,6166,10241,5303,7707,4430,6220,2351"
11925,11925,"4277,2861,64,1017,10326,2218,2747,763,992,2343"
11933,11933,"10429,5229,4256,2869,5201,8607,12606,11045,11547,12339"
11945,11945,"4250,5976,13296,2327,1992,10802,9799,1983,659,13436"
11948,11948,"5303,11751,2185,2218,3950,8922,12425,9443,12787,3055"
11952,11952,"4414,11803,10916,5199,5303,12813,12990,12857,331,4798"
11957,11957,"12474,6971,10336,1290,9175,5636,11117,8567,1328,12030"
11959,11959,"3491,12990,2337,9292,2589,6971,10326,12857,11798,3428"
11967,11967,"2712,8562,8590,12606,9985,12322,4059,7707,5485,11622"
11969,11969,"8590,10663,6220,13346,3597,10326,8421,12887,4655,9072"
11970,11970,"2218,7136,3275,11800,9600,5545,64,10972,13310,9459"
11975,11975,"265,7707,8744,8590,10288,2140,5292,7802,11289,13296"
11995,11995,"4798,8846,2140,6220,13381,3870,9799,4974,13296,9729"
12002,12002,"13431,10607,4576,1779,11298,648,12869,9732,5135,10674"
12022,12022,"2957,7971,1558,11024,1290,10389,9960,13309,5142,4552"
12032,12032,"8562,9942,7707,6659,8421,6220,9410,1210,1478,10891"
12036,12036,"10389,4664,13067,10674,10607,13418,9960,7679,4576,11024"
12066,12066,"9455,2411,811,6220,9115,8562,5135,4798,9093,9234"
12077,12077,"1290,10607,13101,4929,8567,7120,3697,789,9962,296"
12078,12078,"6971,8562,10326,1180,331,12857,9580,4679,9234,7578"
12084,12084,"12944,10589,10027,9799,12321,5303,8922,7792,6971,12831"
12089,12089,"5303,2140,13367,5002,12857,2567,12026,8922,220,11784"
12106,12106,"10389,6610,10607,12497,11298,5934,11024,4664,11775,296"
12107,12107,"5025,8590,2218,9580,5303,9901,8562,8235,9942,10288"
12111,12111,"6839,6220,2218,4798,1478,10326,13296,7825,13028,4414"
12131,12131,"8421,12026,8562,5545,6220,9580,8922,5303,9799,8161"
12139,12139,"10835,3770,8922,976,2808,1996,796,6971,2218,8590"
12141,12141,"6220,13296,2140,9799,4798,8421,5303,10835,1299,13346"
12144,12144,"10607,11298,6811,1334,6625,7120,10648,296,1851,2916"
12150,12150,"9942,6220,7983,8421,89,2038,6971,7707,10326,2199"
12151,12151,"12990,331,4277,1776,9072,9580,9455,10326,4798,2140"
12162,12162,"9182,3770,3950,5999,2789,997,11572,1912,6899,10473"
12170,12170,"7971,13321,1290,4216,10674,7120,6243,4576,10137,12096"
12182,12182,"6220,13296,2218,2077,8421,8590,2469,3456,9580,4798"
12185,12185,"6220,9072,8562,4974,8421,4277,13249,2140,9234,9455"
12191,12191,"6373,1912,5303,7983,1220,7356,2218,8421,7074,864"
12197,12197,"4117,5303,1220,7547,2789,12026,2567,785,2140,11357"
12204,12204,"4664,11298,186,1972,10137,9500,8135,9295,12903,11024"
12229,12229,"6220,3870,4277,1426,7900,10241,11403,12857,11843,5485"
12231,12231,"296,7120,12497,1290,10607,3238,4024,9962,1017,10568"
12234,12234,"1085,2140,1429,11289,7707,8387,9570,8590,4608,13296"
12238,12238,"12887,1912,6220,3055,8590,5303,5006,2012,4414,8483"
12242,12242,"5760,2263,5786,10974,7325,4644,5561,10739,10732,6269"
12260,12260,"8421,4438,4322,2411,331,1978,10326,2014,11540,2140"
12262,12262,"4459,10835,4266,4117,2822,5303,2903,5532,5622,8279"
12281,12281,"6220,1230,9799,10835,5303,8520,8922,6089,12793,8562"
12289,12289,"8505,4798,8590,2411,4117,13296,11455,8421,7900,10835"
12306,12306,"5303,9733,1927,4947,7707,454,11403,6220,2411,9459"
12326,12326,"2218,6220,9459,4413,2411,2140,6270,5303,7792,12473"
12337,12337,"6220,4798,9115,2140,7707,8590,6326,8421,4277,811"
12355,12355,"10674,11298,3464,7679,4272,11903,13024,10687,10648,9170"
12371,12371,"1681,1249,393,10027,10589,1514,11993,10973,6326,7792"
12372,12372,"7024,8235,5375,1571,5875,8922,4715,8590,13191,89"
12373,12373,"6402,12990,4277,7763,2637,2218,1067,2140,6433,7558"
12390,12390,"7120,12497,2916,8567,4929,296,10663,12474,13101,5573"
12405,12405,"4117,10835,6220,5999,5866,8421,9593,7983,6971,4388"
12407,12407,"1357,4117,2903,3055,8071,12723,6220,3127,8590,13353"
12408,12408,"5545,89,3870,2903,2990,9600,6973,4637,13110,12490"
12419,12419,"10464,9962,2009,7120,296,9295,1290,1977,5142,9684"
12423,12423,"10721,6628,8421,9170,10326,8922,4277,7197,7391,9942"
12426,12426,"5135,7120,13370,296,12497,9962,789,10648,4664,6811"
12452,12452,"3491,10923,3416,2140,3507,10758,3870,4798,3515,4277"
12480,12480,"10464,11298,83,4216,10607,9295,3570,7679,10137,7488"
12530,12530,"4880,5135,5303,11403,5485,8590,13228,1290,6220,12606"
12546,12546,"5149,7707,8981,6892,6971,8703,11403,4250,7637,8235"
12556,12556,"12497,7120,10607,4929,4664,1290,9295,10648,8284,10663"
12573,12573,"13296,3799,9799,4250,6220,2218,8590,6971,9942,12026"
12592,12592,"10206,89,6220,2903,5545,12606,9189,4576,4256,4003"
12596,12596,"3870,64,9729,7558,7707,8562,6220,811,11000,2580"
12599,12599,"1779,1244,5135,10607,2834,11298,12869,10389,6812,4664"
12615,12615,"4216,2957,4163,1200,9960,13431,5934,10194,937,83"
12618,12618,"3003,4602,7983,10835,8562,3799,4414,13191,10326,8590"
12624,12624,"6220,3112,4183,4821,9600,4277,1299,12606,8590,7197"
12638,12638,"10835,5482,796,9081,12927,2343,3127,2140,1978,11289"
12641,12641,"8161,11368,8421,2411,11340,1210,837,6220,10608,331"
12644,12644,"7083,1290,2218,4277,7833,8590,8421,3989,9341,4929"
12649,12649,"8703,6971,7713,9799,5149,9564,10332,7706,8590,3088"
12654,12654,"7241,3577,8562,7707,11969,1220,7825,6326,1521,7900"
12658,12658,"6220,6183,183,9942,8590,8421,11969,2559,7513,7707"
12659,12659,"7120,12497,2916,8567,4929,10137,4387,10663,13370,1244"
12666,12666,"4277,789,2411,8562,13294,2238,2517,2662,2140,13309"
12669,12669,"3464,7982,12508,12665,7216,4935,2123,4609,9335,10919"
12674,12674,"5303,8590,1210,6220,2218,2140,4277,10326,11969,2380"
12688,12688,"6220,6971,2140,10241,8421,4967,4798,5303,10326,2218"
12694,12694,"4250,13296,6220,6015,3799,2238,9799,8590,7707,1220"
12709,12709,"6220,544,11843,9799,8421,4277,4388,8590,4798,13296"
12712,12712,"3536,7024,5875,8570,6971,3380,12944,11403,12662,12253"
12722,12722,"4163,10687,4216,3722,3697,4111,1779,10674,8937,10389"
12728,12728,"11727,8137,8590,2218,13403,7707,9942,10288,7513,8562"
12732,12732,"1100,8274,8922,13211,10835,8505,5303,6220,5422,4359"
12736,12736,"4277,4974,8421,350,1328,6220,2218,7197,9072,9938"
12738,12738,"11751,8562,9550,5506,12946,12680,4277,5476,6220,7707"
12741,12741,"4798,10326,8590,8477,3055,7197,12680,9485,5303,2362"
12756,12756,"4430,11615,8235,5733,5951,2818,7784,7707,2811,4576"
12764,12764,"5545,6137,5866,12665,796,8590,6971,5999,5532,5303"
12768,12768,"8562,8421,7707,6220,12680,2140,3340,331,9942,5999"
12773,12773,"7707,12058,2135,8235,1220,9942,6220,9637,3870,8922"
12789,12789,"1680,8562,2013,393,4654,10326,275,11187,2218,4865"
12790,12790,"296,1290,3697,4929,10607,10674,11298,2916,13309,12497"
12801,12801,"2140,1220,5303,5999,5650,10326,3770,7723,2905,12611"
12804,12804,"13101,10663,1558,2969,2916,7971,3989,6243,1290,10674"
12833,12833,"12857,2140,2199,13306,3950,31,5177,1017,10326,6751"
12846,12846,"8590,1872,4951,9365,2380,1453,5303,566,2218,331"
12855,12855,"2936,2471,4609,4798,2732,10919,6011,5561,8590,4935"
12860,12860,"5545,6220,5303,8590,10326,89,4798,4413,1598,6962"
12874,12874,"6638,5303,2140,13104,9942,12665,7707,12389,6220,1223"
12875,12875,"5303,1408,2140,5642,3770,9504,3950,4117,5999,12611"
12877,12877,"6952,2541,7478,8830,9375,6307,7884,10974,8092,2218"
12883,12883,"4034,2903,1037,6322,10288,2957,2934,5495,4266,13023"
12890,12890,"12026,7578,2291,9668,8703,5875,12680,1290,9454,11289"
12919,12919,"9732,4940,10674,13431,9295,9960,4664,1851,10687,353"
12927,12927,"2044,1863,8590,606,6892,12606,10429,8703,7784,1290"
12955,12955,"8562,5545,10326,6971,2140,2861,9799,10288,850,2990"
12956,12956,"9551,4414,1210,12665,5303,8351,5803,5135,13296,5545"
12958,12958,"2903,167,6971,9684,7792,4413,9459,12665,6243,2989"
12965,12965,"4277,4798,10916,9938,4305,811,6220,5303,12404,810"
12970,12970,"5303,4413,6220,2238,5545,7707,10288,2218,3950,10835"
12996,12996,"6795,2822,2343,5782,10835,2537,9356,4388,544,4277"
13000,13000,"4798,2140,4947,4277,5303,8562,1478,5545,393,9871"
13017,13017,"10389,8475,1779,11024,11125,13431,11298,2391,2372,9295"
13019,13019,"560,8421,1776,4277,9580,11843,4025,89,6433,10326"
13021,13021,"10916,9331,6971,8562,11751,5386,7715,5485,8421,7707"
13022,13022,"2218,393,11993,10291,8607,12787,1680,9306,10326,4946"
13063,13063,"8562,5545,1978,8590,3137,9729,2218,9991,5303,9799"
13075,13075,"4576,4664,10137,11298,4036,10607,296,13024,10674,5135"
13076,13076,"2567,9404,2789,2905,7805,4277,4685,2140,6220,8505"
13101,13101,"12543,4277,7197,12857,10077,10916,504,2140,761,1663"
13105,13105,"4664,10607,10674,11298,4576,1851,10137,296,10389,7120"
13115,13115,"7983,2218,5814,2140,13191,4117,10835,4602,8590,11171"
13117,13117,"12272,12665,10850,2218,4415,12859,3266,2905,7749,4036"
13121,13121,"2140,6971,8562,9580,2291,3770,13114,4413,11282,11048"
13123,13123,"6812,10607,1779,10389,10137,12497,11298,3323,12513,9295"
13125,13125,"10241,2762,2140,10678,5303,9799,4974,12530,50,2291"
13147,13147,"331,5731,8421,1180,10326,6971,4974,6220,2218,8590"
13151,13151,"2140,5303,10326,6220,11590,796,9942,6971,66,3491"
13153,13153,"3733,2156,4928,8274,2755,12935,7623,12975,5292,4516"
13176,13176,"1290,7120,11775,10581,11298,6812,10648,9295,10607,11117"
13180,13180,"5199,13296,6611,8412,6220,8562,12606,89,4798,4576"
13192,13192,"2218,9942,6220,13249,6635,64,3766,11745,6971,13296"
13194,13194,"5524,4602,2489,5545,9799,8562,9410,6220,4946,3870"
13195,13195,"1220,9229,7672,4798,11288,6326,5341,10608,1210,220"
13198,13198,"5303,10326,2169,6220,8421,3870,1776,7558,1017,350"
13231,13231,"3950,11726,2337,7172,2218,976,12857,329,9404,5642"
13234,13234,"7471,9336,9962,4533,10663,12635,10607,1220,296,89"
13240,13240,"13370,3035,11253,4927,4467,296,9732,12665,1779,11298"
13273,13273,"7743,454,10205,7558,12793,5495,4243,4413,11384,2402"
13276,13276,"6220,9455,2580,2140,10326,5545,4602,4798,3428,1254"
13283,13283,"1622,6613,4974,4679,6220,6971,8421,2506,7558,6621"
13297,13297,"8590,1978,4798,2218,2140,8421,4679,1220,9968,646"
13301,13301,"7707,9799,8421,6220,4413,8235,9942,12404,9194,13381"
13303,13303,"811,6220,6116,9729,5545,7280,2218,5612,1210,3950"
13321,13321,"5135,11298,4576,9730,10607,8284,1244,9295,4036,9185"
13330,13330,"1863,7715,6322,7706,8113,4576,5670,9942,12931,6220"
13338,13338,"4929,8284,10663,9185,3697,353,9295,7120,6811,1290"
13380,13380,"5545,8562,1948,7900,1978,714,2140,1384,5524,4637"
13389,13389,"1290,4929,3697,13101,11117,8567,789,9295,6971,4387"
13390,13390,"5303,2140,1912,8421,9799,7707,8235,5532,12026,13296"
13391,13391,"7120,11298,296,3697,1290,6243,12497,4929,2916,9962"
13401,13401,"8421,2411,8590,8562,9485,7197,9455,6220,4798,5145"
13403,13403,"4482,8636,6220,3770,8668,5999,837,5303,8418,12026"
13407,13407,"10326,6812,12435,3539,9730,4277,1779,2218,1897,10151"
13413,13413,"6952,6150,5901,11226,4277,10326,7575,10978,6011,10739"
13414,13414,"10674,7120,789,4929,1290,296,9295,4576,9962,10581"
13446,13446,"8126,9982,560,8922,7707,9799,9668,10326,8590,12858"
13472,13472,"13205,10674,12435,1779,6812,11024,11298,7120,13431,4024"
13488,13488,"2140,9799,10835,5532,7948,11289,9786,773,6638,12579"
13502,13502,"5135,296,10607,11298,10663,4036,1779,4613,7120,10644"
13507,13507,"1779,5142,10607,9170,5135,4664,4036,12869,11775,1290"
13512,13512,"8562,4798,2218,7707,5303,13346,9729,10326,6433,2380"
13543,13543,"11282,8590,2440,851,8421,6270,135,4118,11843,6141"
13572,13572,"4651,4798,9072,6220,11843,5866,5485,7197,12385,6971"
13595,13595,"5149,1244,4250,11403,12265,5976,11615,8981,7706,8473"
13599,13599,"3428,5303,4117,5999,6220,10835,2140,9871,6641,10326"
13608,13608,"5499,9459,3870,10326,8767,2218,12606,9072,811,9178"
13609,13609,"10941,134,11367,7480,3593,6071,8115,11119,8943,12269"
13630,13630,"931,5545,7024,8235,5524,2537,2140,6220,5875,815"
13635,13635,"275,2169,4798,9668,4322,2380,13295,10907,8590,9580"
13645,13645,"2567,2789,6220,454,2140,11784,13296,9443,2218,3870"
13673,13673,"8421,2580,1478,10835,11622,3950,5303,8590,10063,10326"
13683,13683,"1453,5303,5482,9729,11057,4946,13346,5545,1478,7986"
13702,13702,"6971,4413,2140,8235,9799,6892,8922,12944,12026,4430"
13716,13716,"2218,10758,5532,2140,3491,3950,5303,12665,6326,9799"
13724,13724,"9962,2969,579,4036,296,12519,4358,12903,5075,789"
13746,13746,"4266,331,2789,5999,5303,2990,11282,6220,9799,2567"
13752,13752,"2453,6018,8590,7707,6220,9942,2218,10063,4798,12775"
13756,13756,"8567,10663,1290,7120,4777,2916,13101,3697,296,5573"
13763,13763,"11298,10607,296,9295,1290,7120,13309,9962,3591,12903"
13774,13774,"2140,13296,11969,5485,6220,8421,5303,7707,10326,8590"
13776,13776,"9962,7120,10607,6812,296,4664,1290,1779,9295,3697"
13786,13786,"3697,5135,13196,10336,7120,9962,296,11471,789,4111"
13788,13788,"10707,13111,5027,6011,9375,6060,8750,4029,4569,4277"
13791,13791,"11298,11903,8504,11024,10674,10687,8034,2957,9732,4036"
13810,13810,"7792,3358,9942,2870,4413,264,10288,1290,8590,8607"
13811,13811,"5412,12932,6339,4798,11525,5142,13209,2140,1180,4277"
13820,13820,"6554,13370,9942,1290,8562,9673,13309,5303,3697,7120"
13826,13826,"9819,2411,725,10326,9443,5591,504,7931,2140,12857"
13840,13840,"824,6220,8590,8421,12758,7983,10326,2140,1747,11289"
13841,13841,"349,8562,12606,10241,7707,5303,220,8922,7391,8235"
13852,13852,"3509,4995,6220,3055,6091,4602,1976,131,9942,12665"
13858,13858,"3515,7706,5303,9799,4101,8567,9083,3088,12497,6900"
13865,13865,"12635,2218,7197,4798,4277,10241,6402,12857,6011,1210"
13871,13871,"5303,2140,4277,4679,8562,851,1180,11384,9938,544"
13877,13877,"12990,12026,3640,2291,6220,7578,11289,2158,9221,10462"
13905,13905,"8421,8590,2140,9580,10326,5610,1180,560,8562,1664"
13924,13924,"5135,6812,1851,4664,13370,13027,2391,1558,6554,789"
13929,13929,"5622,8421,851,4798,13114,2218,4322,5303,4277,10326"
13935,13935,"3340,6220,3255,13296,220,8454,11650,2237,9455,1355"
13952,13952,"789,9962,10607,11298,2391,10663,4732,2372,4929,13309"
13953,13953,"7287,4664,1290,5135,2916,1558,6591,10963,2372,10674"
13962,13962,"2411,2140,3875,6220,10326,8421,4277,2861,10869,3950"
13965,13965,"6220,7928,7707,11289,9560,11211,2140,13387,914,4321"
13966,13966,"3950,5177,6751,5761,6107,6205,1302,7133,13346,2506"
13974,13974,"5934,1703,13431,9732,12995,4216,3833,8034,7679,2957"
13982,13982,"10607,11298,13370,1779,4576,10389,1290,9962,11024,2989"
13983,13983,"7707,1598,6971,5303,1065,12092,1912,8922,4332,8590"
13987,13987,"6952,10974,6082,4713,5760,9813,5105,2975,13111,3987"
13988,13988,"8284,4664,3697,12339,1684,10663,7679,9295,9732,1090"
13991,13991,"2140,5303,6326,1514,2218,9968,10326,10027,10589,11784"
13995,13995,"8562,1249,12793,10326,2140,1572,13346,9449,5303,13257"
13998,13998,"12404,350,4679,1180,5303,4798,4974,12990,6971,8161"
14021,14021,"10639,2218,5495,4414,4798,13296,6220,5303,5545,2140"
14028,14028,"3950,10326,5999,10063,2903,4117,2343,5532,6220,7922"
14042,14042,"13348,4576,1290,6220,10674,2140,8590,10034,2218,3766"
14049,14049,"9799,8703,8590,5149,6474,1583,10332,6337,2373,13228"
14060,14060,"5177,2218,13058,6220,7547,5199,9877,5545,8505,4798"
14061,14061,"10429,1863,2218,9570,5545,6456,5976,11403,8590,8607"
14067,14067,"2622,9882,10429,5135,2885,5962,4576,5976,7471,10802"
14079,14079,"4277,6220,2218,12026,331,8562,1915,2343,4946,5303"
14089,14089,"2218,6767,4277,4798,810,10063,9115,9485,6220,2140"
14097,14097,"8421,2169,1776,7800,2140,5025,5303,851,12758,4101"
14105,14105,"786,10674,10194,2957,12615,2340,4940,10919,12776,7679"
14147,14147,"4965,2140,2169,12053,6887,7462,7138,1781,7197,8421"
14155,14155,"6220,9942,6635,3766,9968,2091,2218,13296,2580,5199"
14168,14168,"2218,4277,6220,4798,8562,9580,4066,811,13296,1287"
14170,14170,"6220,12665,10326,5545,13370,2038,1079,11024,2411,9880"
14173,14173,"10643,6812,2989,10963,5135,3875,12869,6177,296,9835"
14174,14174,"9968,1912,6220,5546,1408,3667,2140,11289,12990,220"
14196,14196,"13425,12943,2140,9449,3799,7707,454,5545,8562,6220"
14197,14197,"4028,10298,5539,5135,789,12071,10674,13309,11775,11298"
14202,14202,"9962,11298,7120,8650,4664,296,11719,5135,10674,9960"
14204,14204,"7063,8922,8452,12366,238,10122,7824,6971,8022,3064"
14215,14215,"5651,8979,4277,462,8354,6971,4163,8421,5303,2140"
14242,14242,"331,4277,4798,8421,1180,810,5470,6433,8507,4679"
14244,14244,"2218,5545,10835,6220,3491,9799,9292,12857,6605,6641"
14249,14249,"8922,9799,9962,2885,7983,5976,6220,7948,7637,1400"
14250,14250,"1554,3720,1290,5594,10674,7120,9732,12995,4929,8504"
14256,14256,"5303,2140,6220,10326,10608,12875,4277,6115,5999,11282"
14258,14258,"8714,10674,11298,5142,789,4664,8937,9960,9746,6610"
14280,14280,"2343,557,9800,3799,8590,4798,4679,10326,11396,89"
14318,14318,"2343,6834,2537,11298,10326,544,10389,5782,8590,8167"
14325,14325,"3678,8562,992,7462,4492,2411,4470,3464,2218,7197"
14328,14328,"3987,10812,7191,8590,9962,2343,2769,9960,3570,11775"
14329,14329,"2587,6220,8562,7558,7707,3870,8293,8681,13249,4798"
14344,14344,"2140,6971,8562,7197,12857,5303,13296,8590,9799,11969"
14366,14366,"7120,4929,5135,2885,3697,1290,13101,9962,8567,10336"
14421,14421,"786,3720,10674,8034,7679,10687,4716,7279,8504,2989"
14430,14430,"9072,4277,9115,6220,4798,8421,4974,217,4025,13296"
14435,14435,"12575,4654,730,9375,1432,7707,4798,8183,12606,8562"
14472,14472,"5532,8922,6220,3950,13058,2140,5866,11384,4117,2478"
14501,14501,"2140,7707,6971,6220,2218,1290,8562,7120,4798,8421"
14509,14509,"9799,2140,7948,3870,8922,2380,1421,6445,5303,6326"
14516,14516,"5069,1290,8554,8856,837,12156,5545,3697,7120,2140"
14521,14521,"2218,6220,2140,5303,3950,7138,8590,10758,12990,12857"
14553,14553,"7236,7120,6220,11403,5545,8421,10835,3781,13101,2645"
14561,14561,"7438,8235,12665,13231,391,12632,820,7345,89,13381"
14562,14562,"9600,9942,5545,6220,8607,2903,6940,2580,2218,4576"
14567,14567,"4591,13296,5386,718,966,3515,9072,2140,1083,8562"
14575,14575,"8590,11298,791,7120,2391,2218,12026,9962,7138,12757"
14581,14581,"6220,2140,6971,4947,8922,5303,5485,7578,5999,6638"
14627,14627,"12026,8235,735,377,2567,8922,5303,6220,2218,4430"
14634,14634,"7707,9455,6220,1220,1210,2990,13406,13381,8235,3055"
14651,14651,"12015,8562,7328,4199,1597,331,851,4330,6872,2140"
14659,14659,"5177,13058,4117,2218,4459,6220,8505,9877,5199,5999"
14670,14670,"716,2218,8421,4543,4277,1978,3766,10835,9455,7197"
14684,14684,"108,2829,4391,9295,10663,12030,789,7682,4613,8590"
14691,14691,"7063,12733,2140,2218,8922,6220,1290,6665,18,11295"
14695,14695,"1290,296,7120,376,9960,12497,9183,3697,3427,4929"
14705,14705,"1210,6730,12189,4277,8590,2257,8421,13110,10106,10353"
14711,14711,"13256,5303,10100,8421,89,12990,560,12154,2218,1017"
14723,14723,"12856,2218,12404,4798,2140,16,5270,11871,2265,12156"
14739,14739,"10607,10663,1851,6243,2372,11719,13431,2916,7120,296"
14740,14740,"8421,9668,8161,2265,2140,7707,9229,6971,331,6373"
14743,14743,"10326,9361,8421,4199,3797,4277,5999,1408,1220,10916"
14747,14747,"2218,4277,1017,4798,296,10568,7120,9580,13249,6220"
14748,14748,"12784,9580,5524,10046,2903,10730,6220,8590,3127,2218"
14764,14764,"231,8421,5549,9799,11203,1007,9443,2140,6220,8922"
14771,14771,"4576,13296,2380,3487,89,5495,13309,6220,13406,12606"
14780,14780,"9580,8590,4277,1912,7138,5303,12404,6971,2140,8421"
14784,14784,"4277,7480,8149,6381,6220,9580,1018,8575,7063,7197"
14785,14785,"13110,10326,8562,9800,5303,6220,12665,10916,2343,3055"
14798,14798,"8421,3509,5592,4199,8279,1220,2343,8590,89,10835"
14801,14801,"1220,89,9942,8665,5545,2343,13381,487,931,1746"
14803,14803,"5303,8590,7019,12665,12857,10326,5532,3428,4277,1868"
14821,14821,"9072,4679,12404,6220,4974,4277,1180,2158,3628,7717"
14832,14832,"10176,6490,1414,5203,10476,1761,4756,8380,10547,7327"
14833,14833,"4277,5999,2218,2822,7707,11622,9600,5485,12787,1042"
14853,14853,"2199,9968,8922,12990,6220,4101,8562,5999,12026,2140"
14854,14854,"7707,8562,9942,6220,22,4413,13249,5839,9341,1512"
14856,14856,"5545,13296,2140,10027,6220,13110,12606,4277,5485,10835"
14858,14858,"3464,7316,12511,3317,10671,9221,2903,2218,2343,145"
14864,14864,"9729,2228,8421,12404,3030,4277,9942,13296,9799,8562"
14867,14867,"4036,10389,10607,1779,6812,11719,6610,4664,10137,5142"
14880,14880,"1202,6635,11745,9942,2218,1355,13249,8279,13296,6220"
14890,14890,"2140,6971,8421,7376,11014,8922,10326,2291,4120,6220"
14892,14892,"2411,6220,4798,4277,7197,10568,11455,9455,12779,1664"
14899,14899,"11298,11024,10607,4664,10648,13370,10674,4036,4024,1558"
14904,14904,"4430,3055,8235,321,6220,4880,4929,10546,11403,7120"
14906,14906,"353,11298,9170,9295,12869,9960,5848,7695,10663,1334"
14909,14909,"13111,8723,11162,12621,9375,11757,9980,5760,6487,7478"
14929,14929,"11473,9299,7707,10918,7892,12606,13296,11615,8590,5976"
14931,14931,"3122,3363,5149,13296,11402,8703,9799,779,589,8981"
14938,14938,"6220,2218,3870,9942,4413,4277,12249,7707,9799,64"
14955,14955,"13296,8562,12026,2990,8590,5303,8421,8235,12990,796"
14961,14961,"9901,6326,4057,4277,12990,7792,7197,393,11993,7484"
14969,14969,"2916,11298,1290,7120,8135,4664,9971,296,10674,10137"
14970,14970,"9938,4277,331,11843,8421,11455,10326,10594,6220,851"
14977,14977,"8412,6961,2218,5676,89,13296,7792,9968,1355,9942"
14991,14991,"8235,7707,8421,1220,9744,9937,8562,10241,6831,8053"
14993,14993,"2291,4798,5303,8421,9580,9668,10241,6971,2140,3106"
15009,15009,"2990,7053,7433,10589,820,5495,1249,8561,454,5835"
15014,15014,"11298,10674,1779,13370,10607,10389,9746,9962,4664,1098"
15028,15028,"9295,9962,7120,296,10464,6610,12497,9960,1779,2009"
15029,15029,"4572,7575,1180,10326,4609,1210,8562,11384,2343,11402"
15030,15030,"9786,9386,1847,2218,11615,9942,5545,8454,12662,3950"
15033,15033,"4277,6220,4798,8421,2343,2903,1220,8333,2158,5622"
15052,15052,"8421,4798,2411,9234,12990,9072,8819,9178,851,811"
15062,15062,"9495,2237,2140,5022,2218,10326,1912,3055,6115,8590"
15074,15074,"10537,5670,1220,2990,13296,11343,3238,7707,5545,4036"
15081,15081,"2218,6220,1763,3799,13162,2343,7867,13043,7120,10326"
15082,15082,"3339,9850,3563,13111,2436,1699,2935,2732,5494,10107"
15097,15097,"1912,9135,240,8562,10326,10916,6220,12875,9880,11282"
15098,15098,"6220,9799,3340,8562,2580,11396,8421,12680,2990,1996"
15107,15107,"10607,12497,4576,10137,11298,4552,8650,4664,2916,10674"
15113,15113,"8421,12990,4277,6141,331,4798,10326,6220,8562,12680"
15120,15120,"9600,10224,6220,7900,5303,10431,89,11969,10288,2580"
15121,15121,"11622,3950,6220,9580,10340,6119,2218,5303,6114,5545"
15122,15122,"6220,2140,12026,9799,5303,9234,6971,11467,4388,10916"
15141,15141,"11384,716,8854,12857,149,10326,2140,560,6919,11272"
15143,15143,"2140,12857,13296,6971,6220,8421,5199,11784,2218,2567"
15148,15148,"3055,449,8590,10513,4912,10691,6011,2975,1978,6220"
15164,15164,"6220,5386,4277,10326,331,4229,13296,1684,2140,10835"
15165,15165,"3491,3870,12990,5545,12857,2218,3766,3875,12934,6971"
15175,15175,"4798,1776,13257,5177,9580,7197,4277,11010,12404,8562"
15186,15186,"789,1977,10336,11143,13309,11569,2916,10147,1244,4160"
15189,15189,"2380,8562,4602,5495,13406,4798,6220,13296,4576,12606"
15200,15200,"13296,3870,13346,6220,5303,4277,6971,7197,2140,2218"
15204,15204,"1598,2218,4277,6220,4798,8031,10326,4679,837,331"
15205,15205,"3413,9570,12775,1290,3487,1747,5532,4798,1779,10429"
15217,15217,"6220,9410,838,7707,8922,2567,7706,3670,8018,8562"
15240,15240,"10389,9732,13431,10137,4664,1703,7679,11024,3238,5142"
15248,15248,"5149,7024,9748,8235,7707,4430,7637,8922,4698,6900"
15253,15253,"331,8421,6220,10916,4277,6433,9242,2218,5903,8590"
15256,15256,"7138,1634,789,9395,3890,12404,9072,6220,4929,8590"
15260,15260,"8590,2411,12857,8562,3839,6220,13249,12665,2218,8348"
15265,15265,"3766,2218,6751,5532,8579,5303,6352,4798,10326,2903"
15274,15274,"13318,2936,10221,6952,13111,4159,9296,11658,10974,2782"
15275,15275,"8421,2789,2567,10608,4798,2140,7138,13035,10326,12758"
15282,15282,"2343,4277,4117,4798,5135,1210,4191,5155,4414,11969"
15294,15294,"8421,6220,10326,7578,11384,12925,3340,7983,9799,5999"
15304,15304,"9684,12513,10607,9962,13309,9405,10336,5135,6586,4664"
15330,15330,"2302,11829,11148,6797,5718,8562,5545,2140,957,8922"
15331,15331,"5999,2903,8780,4413,9203,9454,13296,5524,6220,7723"
15332,15332,"2782,2732,10732,8911,12094,1380,13383,10739,2123,5760"
15339,15339,"10429,1863,9083,5976,10802,13436,7706,1716,1669,12497"
15387,15387,"10429,5272,3334,12623,12431,4383,10874,3244,9882,10378"
15391,15391,"5545,6220,9600,9072,9070,8590,7707,11800,13296,8562"
15396,15396,"11843,2140,6220,2789,4315,7983,10241,9799,2990,11994"
15397,15397,"10240,3055,5831,3635,2140,7707,5176,11931,5495,2788"
15421,15421,"9455,5135,9190,8071,9072,6628,11950,12476,8421,9282"
15427,15427,"4664,3697,3539,1779,4929,1290,7120,10663,3570,685"
15434,15434,"9295,12497,6243,2916,10607,296,1977,7120,3539,10137"
15441,15441,"2218,2990,3260,3428,4798,2903,4277,7707,4416,8830"
15444,15444,"8412,7224,2426,11992,2799,7120,2989,1220,89,13381"
15457,15457,"6220,4974,8421,10326,12990,10594,2140,4277,331,8161"
15466,15466,"4798,12606,6220,10326,13296,8562,7707,1776,6515,331"
15475,15475,"9799,7532,8421,167,11843,1478,6962,2038,8636,7948"
15483,15483,"3799,1290,9942,7796,6220,6812,12497,11969,10835,89"
15487,15487,"11328,2012,12026,1912,12662,10241,7024,5875,6089,4602"
15500,15500,"1763,7392,2140,9729,4798,9229,8922,5303,2230,12793"
15511,15511,"8421,12339,4798,6220,9032,789,6971,331,3428,13346"
15515,15515,"3950,2140,11751,8562,4792,12857,5545,2218,4413,2019"
15519,15519,"6220,8562,5303,12680,4413,8221,3143,6371,5545,89"
15534,15534,"9072,2343,5545,6220,8590,4388,5866,2537,4277,6834"
15545,15545,"10607,11298,13309,9295,5135,10389,9185,1755,4613,4036"
15553,15553,"1851,8910,6189,10389,13431,11298,10184,1779,13309,1576"
15556,15556,"4413,11825,12967,13298,9733,2218,8703,9332,7707,3026"
15564,15564,"1950,5634,9391,2140,2411,9459,560,5545,5495,8293"
15567,15567,"2957,4216,4163,10674,7679,11298,3720,9960,9732,10687"
15582,15582,"8848,5303,9193,10608,6971,8590,6220,8421,11843,11508"
15585,15585,"6220,7197,4798,8562,2140,811,1180,8421,4277,331"
15587,15587,"2218,6220,4277,2411,4974,1210,2343,13249,2140,10063"
15589,15589,"12528,6971,1180,4845,4798,4277,4101,12026,8421,6769"
15590,15590,"7477,13111,5760,3359,9516,6735,9375,6011,9370,5105"
15595,15595,"3464,2885,1290,7862,11969,3069,10326,6875,4929,9370"
15611,15611,"5135,3697,9962,789,1779,4664,13370,9295,2773,296"
15613,15613,"931,89,815,5545,9600,6220,5524,374,8235,12193"
15632,15632,"3870,5166,4414,2375,8562,13346,8505,4277,2218,5545"
15633,15633,"4277,7197,9072,6220,8590,544,13296,4974,8421,12990"
15639,15639,"9365,997,4798,5999,2218,2990,4117,5545,10835,617"
15648,15648,"4974,4277,851,11010,10594,6220,1180,12990,8161,12857"
15652,15652,"4798,4756,2140,4277,10326,2343,10476,11886,9340,12378"
15683,15683,"5545,6220,12606,9942,12665,3055,2218,7707,6641,1210"
15688,15688,"2218,646,12606,2990,7197,7707,992,6220,9799,8590"
15703,15703,"5545,9454,4025,2903,2645,8425,9555,8562,12050,12606"
15708,15708,"9443,9409,646,11180,12026,8235,4266,7983,12531,2567"
15714,15714,"4798,7197,4025,4296,9602,6683,4271,11969,10916,7900"
15719,15719,"4277,2411,8421,9340,1017,2140,350,4261,1180,851"
15727,15727,"12404,12538,6166,6962,8302,6278,13381,12331,8590,5142"
15728,15728,"2885,1863,4929,12995,9962,5573,10731,7471,12184,12064"
15735,15735,"5786,10739,3652,6150,10732,7325,9375,8911,4465,4935"
15736,15736,"2140,2218,13296,8421,10063,331,10326,4277,6220,2411"
15739,15739,"13024,3706,3697,5135,4664,7758,10607,1290,2989,4111"
15742,15742,"2012,8846,5524,9942,2140,13296,2218,1220,4798,7312"
15764,15764,"2218,11140,3799,3733,1684,3308,8064,1976,3950,4798"
15773,15773,"4798,11180,851,2218,5025,275,11843,1912,2158,6899"
15774,15774,"10687,8034,10674,3720,11298,13431,4521,10137,9960,13024"
15786,15786,"10607,11298,4664,4576,10674,4036,1851,10137,10389,4024"
15789,15789,"4025,10891,4277,2218,3164,10326,13249,1017,9489,350"
15796,15796,"89,9170,7707,6322,1355,8562,5545,13381,3870,11969"
15800,15800,"10835,9968,9718,5303,11289,7723,11784,9733,11403,7121"
15802,15802,"10607,2343,6610,10229,4664,6962,3620,12212,1290,13309"
15812,15812,"3468,11001,10326,2411,2343,8590,9341,1017,1180,2861"
15815,15815,"4575,12636,1667,7201,12085,2218,8189,1287,10922,3456"
15828,15828,"6220,13150,8421,6326,9580,4277,2671,6433,10916,11751"
15831,15831,"1290,296,7120,11298,2916,6243,3697,4929,2885,10663"
15840,15840,"5303,9072,1667,6220,4575,2767,11742,2770,4277,12636"
15845,15845,"4430,2903,8235,3509,11751,3055,1378,9799,13381,1583"
15847,15847,"13370,4576,10737,9884,7679,5952,10674,10607,3239,4036"
15856,15856,"9799,5303,6220,2140,12680,9580,10792,8161,11843,2291"
15861,15861,"1779,2885,4036,5690,10607,353,9295,6610,789,7120"
15862,15862,"11903,4028,10674,10137,11298,13182,1244,8714,9971,5969"
15871,15871,"2218,7389,6220,9344,4277,10326,4798,8590,1978,13245"
15872,15872,"1286,8562,6971,2380,2140,5303,3950,10326,10040,5485"
15883,15883,"9170,6811,10663,6322,3539,13309,4664,1977,7120,9295"
15886,15886,"1863,10802,10429,7707,5962,5976,7706,1491,7637,7784"
15888,15888,"8562,1598,6220,9454,9729,12787,9600,3870,487,13110"
15898,15898,"2218,2866,4277,11800,13296,4413,9942,4492,10063,1118"
15919,15919,"1776,2140,4798,1780,11886,1912,623,12404,7690,10326"
15922,15922,"8475,11298,2957,9960,13431,11024,5135,12869,4664,353"
15931,15931,"4332,735,5545,8590,5532,10241,2903,8235,7715,7024"
15941,15941,"3950,2218,4798,9942,6220,1220,3428,3992,5545,4414"
15943,15943,"8161,220,12857,5610,10608,7063,10138,12813,6971,2140"
15956,15956,"13112,5545,11899,3870,6220,10835,10106,1598,4277,8846"
15958,15958,"13296,1012,5303,2343,9962,5135,9072,4388,5142,2140"
15960,15960,"8421,1220,11843,7532,8999,6141,8487,8590,3387,2140"
15973,15973,"10206,11298,11024,12869,3222,5979,9125,4380,1972,4664"
15977,15977,"6243,4734,7120,1779,9960,296,5142,3539,10607,1576"
15994,15994,"12857,2411,13249,3428,2494,8279,1478,7707,4413,3033"
15995,15995,"789,5135,1290,11992,4111,12497,13309,4036,4777,10607"
15996,15996,"8590,1912,7084,4679,3112,12026,10362,5866,3069,2916"
15999,15999,"6338,9948,8562,5964,12787,1220,2140,220,12857,4223"
16060,16060,"4929,10607,12869,4664,7120,11775,10663,530,1779,6638"
16069,16069,"8421,1978,8562,4928,8590,6371,8143,8235,2645,6220"
16076,16076,"1290,10663,11298,7120,3697,8910,12869,11775,10169,2140"
16085,16085,"134,6306,13342,350,233,3593,11862,840,6197,1377"
16089,16089,"7637,9937,8922,8703,4698,7706,9668,7948,5149,6220"
16097,16097,"6220,4974,9942,11843,12857,2218,11010,2140,11282,8590"
16112,16112,"9800,2140,8562,10326,8922,5025,3770,4277,8633,2905"
16116,16116,"837,1290,12156,2140,12857,4277,8421,5069,1912,8746"
16137,16137,"350,4277,716,152,4974,11010,10326,5434,12990,8421"
16150,16150,"2140,10326,7802,13110,4798,13310,4778,5598,5392,2218"
16174,16174,"12575,8607,7723,5524,9942,2218,12412,9600,5545,4413"
16176,16176,"6971,12665,3909,6962,12026,8922,5999,8590,13114,10835"
16210,16210,"7120,7623,1290,6971,5142,296,7471,4929,10663,471"
16212,16212,"10336,12665,296,4664,7120,2989,6220,89,1220,10607"
16230,16230,"13346,4798,2140,12990,4118,8421,4277,9580,12758,10916"
16245,16245,"6220,2218,12857,12990,9340,2140,6350,9306,10607,7964"
16293,16293,"1220,2218,9600,5545,13381,7301,9729,8607,2903,4602"
16299,16299,"9295,10607,296,6811,7120,4929,13309,789,1290,5142"
16300,16300,"10429,11103,1863,9083,5669,6448,2847,589,7706,7707"
16303,16303,"8421,6220,9410,11843,1776,3950,2905,3870,9262,13094"
16305,16305,"10607,11298,10389,9295,5135,9960,1290,9185,10464,3464"
16314,16314,"4277,3950,2140,10326,4798,6220,7063,8590,12787,9485"
16328,16328,"1180,2140,10326,12404,12990,3950,851,9580,4798,7802"
16340,16340,"6395,5303,4277,2140,2199,6220,8562,5485,12680,10608"
16351,16351,"4277,8421,4798,7197,8562,11001,9072,2140,7707,6220"
16363,16363,"8922,8562,2218,7207,2343,13211,1220,8590,8235,287"
16376,16376,"5303,3055,6971,8922,1912,8593,11843,6166,9668,6220"
16387,16387,"12857,12990,10326,11384,2337,6971,851,11540,6899,5303"
16395,16395,"5545,3870,8562,8214,4277,2218,13296,7103,4414,11969"
16414,16414,"2218,1249,10027,12944,7792,6971,11048,9459,10589,11919"
16416,16416,"13296,2140,9799,6971,6220,11286,6166,3870,12857,3950"
16418,16418,"4798,9229,2916,6220,1290,2140,2218,1220,10608,4929"
16471,16471,"7707,4664,4576,12665,7035,1290,1879,9942,13370,11969"
16489,16489,"7707,6220,11871,4821,9733,12606,8413,4183,851,2990"
16497,16497,"4875,8922,8562,2140,6220,10835,1978,8590,5303,7120"
16509,16509,"4413,12742,4414,8590,9942,5506,9799,2335,2218,10608"
16510,16510,"11622,5303,5545,9600,11751,12944,10778,2218,5524,6220"
16521,16521,"11298,6610,1290,4929,3539,12869,1851,296,11024,7258"
16524,16524,"13111,4419,6011,3635,7478,6150,9370,4832,381,6952"
16582,16582,"1478,9729,5303,13346,6270,1598,8293,5545,1299,4602"
16592,16592,"1290,7120,1491,9570,2058,1403,5911,6728,1977,13101"
16604,16604,"11903,8714,13431,4708,10674,9732,7971,1290,2195,133"
16605,16605,"4576,6220,13296,9799,6591,8590,1220,5303,12606,10326"
16617,16617,"9960,11024,10674,2957,4216,5934,13431,5135,7848,8284"
16622,16622,"11298,2957,2391,9732,13370,10389,4024,13431,1891,8475"
16624,16624,"6338,7243,10288,2903,4223,1220,2218,12857,12787,5964"
16628,16628,"6011,3652,5105,6735,9776,9375,4858,5786,6060,2123"
16633,16633,"7120,1290,8567,12030,296,2916,4664,6971,6243,8590"
16646,16646,"1190,4977,4576,6220,13296,7120,9942,7345,13309,58"
16651,16651,"646,10476,10176,8421,1414,7327,5203,13397,6490,9879"
16654,16654,"2218,6638,8590,2808,5199,4277,10916,12990,331,10795"
16673,16673,"9942,3870,491,10340,2990,6220,5177,2140,10854,9799"
16675,16675,"6586,9067,5303,8813,7867,3950,6220,10916,9422,2140"
16677,16677,"2343,4785,5545,5532,13110,810,11800,9917,8590,10063"
16679,16679,"12680,11751,2140,5545,13375,6220,11960,8161,4277,2580"
16686,16686,"11298,1290,296,1779,4036,10648,9295,9732,12869,4664"
16695,16695,"4679,2411,12857,8421,9600,10326,4277,6220,2007,2218"
16704,16704,"9093,2218,7197,4071,6356,12606,4798,13257,6220,5199"
16709,16709,"7707,1978,8421,1328,10481,3799,13346,6220,6730,11622"
16773,16773,"2411,12857,2218,11384,2140,1290,834,6220,9938,9115"
16774,16774,"2411,13296,4965,11540,6220,2218,2164,11772,1323,5532"
16797,16797,"8421,8221,8562,2140,12793,2380,8922,12990,11384,8590"
16803,16803,"2140,6567,6322,8421,6971,7707,8922,8590,10674,6220"
16804,16804,"4277,331,4798,6220,6096,851,811,9580,10916,12680"
16806,16806,"11387,3055,2218,6220,10835,8590,5545,4946,11403,5761"
16810,16810,"2645,3950,10835,2218,10431,9449,8839,2019,8492,6971"
16836,16836,"6611,6220,8149,4946,2218,5177,2140,10326,1079,3055"
16844,16844,"7024,6220,3799,8562,8570,89,2411,11622,7707,3870"
16861,16861,"4036,1558,11298,10674,4163,8135,10464,9732,1290,9438"
16875,16875,"1210,2140,4798,2990,5303,10326,11751,6220,9799,10138"
16936,16936,"6220,7899,9164,4277,2218,3346,851,4679,4453,8156"
16946,16946,"2140,12857,1180,10916,864,5610,4798,3950,7197,1210"
16965,16965,"2140,3340,12680,6220,2291,12026,1421,607,8922,2380"
16987,16987,"3417,9803,560,13407,6220,7063,2602,11420,322,4798"
16988,16988,"2199,6220,8922,4430,6971,4277,4332,89,4798,5303"
16989,16989,"6220,5545,12606,3055,9600,393,714,9942,6641,11622"
17007,17007,"4582,6962,8421,4132,9602,1220,11985,10614,11491,10326"
17016,17016,"4117,2362,10326,8562,6220,8421,9455,9580,2903,3950"
17030,17030,"5524,2411,6220,4266,5177,2218,11282,7197,9580,12990"
17034,17034,"331,6220,9580,11000,2218,4798,9968,9799,10916,13296"
17054,17054,"1180,3950,8575,8421,4277,8922,4798,11384,12990,5642"
17056,17056,"4277,8421,10288,350,12404,4798,6433,2671,6220,9580"
17084,17084,"6015,6992,3939,9993,6146,6220,9729,63,3428,5259"
17098,17098,"1521,13296,7825,4798,8109,5485,11969,6220,2218,6839"
17102,17102,"5303,8590,5532,10326,4117,3340,2990,7019,1499,12857"
17109,17109,"22,5883,2218,6220,4974,8562,1978,3497,4908,13296"
17112,17112,"2140,4413,5485,13296,4798,12026,1299,2670,12680,2218"
17119,17119,"857,5716,8575,2822,2896,3728,1446,1927,129,12026"
17124,17124,"12606,12298,13381,3055,9516,6659,5545,10431,7707,487"
17141,17141,"2343,8590,2411,2218,4388,4798,7202,12990,5532,13296"
17160,17160,"8590,8421,1978,851,10326,10835,11843,4576,4277,544"
17179,17179,"5545,9072,9733,11000,1249,2140,4323,8562,9600,12076"
17189,17189,"7459,2218,12404,4798,8590,7197,5827,6115,2265,2411"
17191,17191,"7707,6962,6971,5229,1747,10429,5061,6220,5976,3539"
17194,17194,"3950,3766,8421,4974,1180,11843,10326,9580,10242,331"
17195,17195,"6971,5303,5999,6220,4199,5532,7578,8235,2903,2822"
17200,17200,"11298,10607,10389,9960,13431,9295,10674,9732,1851,12995"
17212,17212,"2218,5524,6220,6685,12497,3070,8607,8590,1683,10063"
17218,17218,"3799,4602,4551,2903,8126,12857,11732,10345,8590,6220"
17232,17232,"11282,9580,11843,5025,12404,6220,4323,9455,10835,3766"
17242,17242,"2140,4798,5642,2218,4277,5485,331,10326,7867,5999"
17255,17255,"11941,9443,4413,3340,4798,12026,2218,11403,8520,9721"
17262,17262,"10607,1779,3539,1576,4024,11298,4664,3238,4036,10674"
17275,17275,"5545,5524,8307,4414,2218,5303,6220,11403,13319,1634"
17276,17276,"10916,10326,8562,4277,4974,8421,12026,3950,7707,9443"
17278,17278,"2140,10241,5303,8922,13296,7428,12497,6971,9083,9799"
17283,17283,"9882,10429,4383,494,13268,816,3979,5272,2137,3334"
17284,17284,"2140,2789,4117,4798,7578,5485,6326,8562,1996,9504"
17295,17295,"3055,8773,6220,8590,3799,8853,13381,7707,2411,10537"
17298,17298,"10607,11298,1334,6610,10648,13370,1851,2391,8254,10389"
17319,17319,"5545,6220,11622,12606,9942,1598,5673,393,2013,8483"
17320,17320,"11298,6610,7679,10607,10389,168,8475,4024,13431,10581"
17325,17325,"6220,9799,2238,8575,454,2218,4413,11540,5621,9443"
17330,17330,"11616,8922,6971,12208,481,9799,7707,6220,8562,7706"
17334,17334,"2989,10607,2391,83,7279,2769,12910,11024,1851,3464"
17346,17346,"10138,12857,5303,8235,89,5545,9276,10714,8421,6971"
17352,17352,"1558,10740,8590,2916,353,2957,2140,5934,8421,1779"
17353,17353,"1290,7120,1767,6243,7707,6971,2287,8590,3401,1400"
17396,17396,"6326,2380,1769,2140,9306,3515,12331,2882,10462,3766"
17408,17408,"4277,3870,2140,12857,9580,331,6326,6925,4798,8562"
17414,17414,"3506,8562,2218,997,7792,12310,3127,12463,10589,10326"
17422,17422,"13296,10607,544,4191,8590,1244,6220,4036,1290,10389"
17424,17424,"4277,7197,5545,6220,8421,4798,8092,1680,8562,1196"
17427,17427,"9203,4413,6456,7120,9962,8922,789,6971,12026,10241"
17432,17432,"6220,8875,3870,2411,8505,8562,811,10132,10326,4199"
17434,17434,"6220,1912,9535,5485,3127,5303,9455,10326,13346,13296"
17439,17439,"10639,2218,4798,6220,4414,5303,5495,8607,9942,9733"
17442,17442,"6220,1220,13296,7792,10546,2218,3773,544,58,7471"
17449,17449,"9410,2245,6220,5549,4117,8235,8562,10326,2140,8922"
17472,17472,"7707,3799,1220,4117,10835,2903,6220,2990,8830,5999"
17509,17509,"10389,1290,12497,4576,1334,8135,7120,8475,11298,10607"
17522,17522,"11403,6089,8235,1326,7024,6220,321,1220,4602,7707"
17527,17527,"1180,1776,7063,8421,4277,1912,4061,4974,9340,9328"
17535,17535,"7120,13067,6811,3697,6660,8590,4139,12903,3539,10581"
17540,17540,"4798,8562,2140,9968,8421,9340,1776,4277,13346,9580"
17541,17541,"10674,13370,4664,11298,9295,1779,9500,3721,11024,5135"
17551,17551,"8590,5303,164,6220,2140,1210,6638,13296,8235,5485"
17564,17564,"10355,10326,1290,3515,1084,8235,2140,8922,8421,4798"
17565,17565,"3069,2363,4054,4399,7973,10256,10352,2338,8149,3988"
17581,17581,"6391,2218,1978,9072,6919,2506,6681,275,5518,5545"
17596,17596,"11000,6220,9580,4798,8562,13296,12875,331,5545,5303"
17601,17601,"3340,6220,8681,10431,2140,12927,3950,2587,8922,3055"
17611,17611,"13296,5303,4798,5485,1220,12665,8590,2140,89,8562"
17612,17612,"2140,7867,4077,8421,10326,4250,11969,2861,8562,12604"
17620,17620,"4413,2903,8922,393,1220,2837,8590,4266,6220,1478"
17627,17627,"3547,2218,3468,10798,4798,4118,4199,810,811,8421"
17634,17634,"8481,2058,8997,8089,11732,12330,3426,7707,1681,1863"
17649,17649,"2140,4277,4025,4974,8421,12857,6588,7197,7889,1180"
17654,17654,"7707,8562,1479,393,13381,9942,3950,12331,8235,6314"
17659,17659,"8703,10429,9799,2373,8235,6971,1863,6474,5149,7637"
17666,17666,"6220,8746,2140,4277,2905,8221,9404,8421,8279,10835"
17674,17674,"10241,6220,9580,8132,9799,4798,6742,12026,10326,8922"
17684,17684,"8421,2140,4798,7197,1478,5303,4277,8343,3870,8562"
17708,17708,"12668,7392,2140,6220,10326,8922,4277,7578,8590,11384"
17709,17709,"5303,10326,8235,8922,3055,7197,4798,2218,4915,2140"
17741,17741,"11622,6982,9454,11795,12691,9799,5524,12632,7715,6522"
17752,17752,"2026,10974,3652,4609,162,4935,10739,9375,8911,2471"
17765,17765,"8274,4117,5866,1598,4414,10326,5386,931,8922,12990"
17770,17770,"2773,4929,9763,1290,4576,89,9962,1863,11958,8475"
17814,17814,"1863,10663,4929,10429,8703,5962,211,7707,12286,1290"
17818,17818,"9942,1328,5155,12070,12404,7835,5845,11871,10326,7332"
17822,17822,"3275,155,2168,11403,9962,3998,12679,3100,3637,12961"
17826,17826,"4277,7197,8047,1287,12636,11234,6220,3870,6642,8562"
17827,17827,"11298,10137,10674,6812,4664,13067,9960,1779,10389,8135"
17840,17840,"8590,7900,8360,6220,12497,7948,6971,9799,2140,735"
17843,17843,"2218,13310,7986,13296,1478,4798,12596,3209,2140,9729"
17864,17864,"8421,12785,331,4798,6220,13329,8520,4277,9409,1912"
17871,17871,"8028,9375,5786,2769,5760,5742,1101,10660,247,6082"
17881,17881,"2218,5545,12927,1619,4414,8901,6220,8590,5488,7633"
17928,17928,"4929,8421,2140,1290,11922,9580,5989,8590,6115,4798"
17931,17931,"13111,7127,7878,3169,11533,5251,6082,10974,3339,11093"
17933,17933,"5303,10835,7138,5592,5999,1220,4117,11622,8590,544"
17953,17953,"2461,13322,10649,8922,5545,7120,5731,89,3697,9942"
17970,17970,"931,8235,13191,13381,5524,5545,8562,89,374,6220"
17977,17977,"7201,8421,4706,6220,5303,3796,1210,12793,5819,11723"
17982,17982,"10607,9962,6811,7120,296,4664,1779,1290,4111,3697"
17995,17995,"6971,1977,12030,2140,61,13101,4101,1400,8302,6434"
18002,18002,"8421,11010,1180,9598,2140,4277,12857,10326,5202,652"
18006,18006,"9046,1879,6220,7707,5495,2140,1156,4576,1017,544"
18023,18023,"2140,9729,8421,7197,8590,2499,1912,8562,11000,6220"
18024,18024,"5077,4078,2847,3088,2218,9306,9295,7439,11180,10608"
18047,18047,"2343,9502,10835,8562,4413,13296,6220,89,8590,454"
18050,18050,"5303,12404,2218,4798,4414,275,7138,5545,12813,5724"
18078,18078,"6220,2218,4277,8590,10326,9580,4798,2169,10039,9839"
18086,18086,"1290,296,10137,9295,11024,1779,10607,11298,7120,5382"
18093,18093,"4576,11998,2916,1290,7120,13024,11997,1270,9962,11298"
18115,18115,"4679,8421,851,12857,10326,2158,331,10916,2411,1180"
18122,18122,"7706,2218,1856,3870,4430,9937,6243,1747,10336,8590"
18124,18124,"2140,9443,953,10326,5363,11751,12939,8421,1957,9504"
18127,18127,"7120,1290,12497,4929,5135,6243,296,13370,10674,10663"
18133,18133,"10326,12261,2238,6220,2077,3950,3428,9942,9968,8562"
18148,18148,"10835,4266,8590,9203,9942,8505,2218,7707,3950,5622"
18155,18155,"13296,7707,8017,8590,11403,8113,5839,2058,6220,1290"
18158,18158,"12339,3697,11024,4664,11298,2957,11775,9732,10137,3998"
18166,18166,"10326,9072,2450,6302,8607,8590,3870,101,6220,1220"
18167,18167,"2218,9454,4266,6623,9733,5545,1118,13112,5303,9942"
18169,18169,"2140,11609,5303,2291,12871,8402,7504,5946,6971,3084"
18175,18175,"13112,6220,13296,3799,4266,5668,8590,8779,3055,4199"
18178,18178,"1681,10589,3055,9799,1249,4323,11751,12793,10326,2140"
18214,18214,"8116,4664,11298,10663,5480,3323,1601,7101,9962,11743"
18217,18217,"2038,6220,10326,9072,7138,9600,5545,2169,11384,2218"
18226,18226,"10607,11298,13309,9295,5135,10389,9185,1755,4613,4036"
18229,18229,"8562,7707,5545,6220,2140,1978,1400,6971,2800,5199"
18236,18236,"11351,10326,5092,13257,12248,9942,8161,9580,12779,4798"
18240,18240,"5545,89,1017,5130,3077,64,10121,4220,11800,10835"
18262,18262,"5545,3870,6220,2218,4414,8562,13296,5303,393,4798"
18266,18266,"3238,4664,9896,8635,10607,13431,10582,11298,1779,10389"
18272,18272,"7998,6220,11590,2218,11282,9600,3950,11912,453,1220"
18292,18292,"8562,4413,8590,10873,10340,8854,6326,8421,9272,12999"
18299,18299,"2218,7197,5303,4277,12857,1912,9942,811,4028,6220"
18321,18321,"13111,11757,6640,4560,7478,300,12189,8236,5140,10974"
18338,18338,"6220,8279,10835,5545,7707,3870,13296,6164,7900,3055"
18339,18339,"4277,9365,6971,652,4798,2140,10326,6220,8483,1017"
18341,18341,"11282,691,7814,2903,2140,9733,6220,7561,9393,2218"
18355,18355,"11298,9295,7120,5142,12903,1290,296,3697,10607,1779"
18364,18364,"9627,8590,12538,3070,5969,1244,9185,1075,10389,1290"
18368,18368,"8922,8161,9880,4798,1634,11396,5303,220,2140,4679"
18393,18393,"6502,8421,9580,8575,8590,2140,10326,10916,4277,331"
18409,18409,"4277,811,1017,4679,4492,9234,2218,4974,7138,10916"
18434,18434,"12857,4798,2411,2140,10916,6971,6220,811,837,1220"
18440,18440,"2218,8235,5545,5819,7138,6220,8922,4414,4413,4798"
18446,18446,"6220,2218,8590,10835,10326,6641,6834,4053,11622,3950"
18467,18467,"9998,7829,13257,935,6270,10677,202,11540,8922,10434"
18475,18475,"13310,12665,3238,13296,8590,3262,12435,10607,3127,7792"
18487,18487,"6166,3379,12026,2789,6678,9942,6220,1532,6971,10326"
18489,18489,"2140,7197,8343,296,12857,10674,1290,8421,2281,4929"
18499,18499,"2140,2411,8421,7197,12990,12857,6220,4277,7558,8562"
18505,18505,"2218,2380,8562,4798,1123,12331,8235,7707,5102,11784"
18525,18525,"4277,8421,5543,7197,10326,350,6220,5485,8590,11808"
18530,18530,"6971,9942,11573,5303,8633,4798,11000,8819,9867,6220"
18539,18539,"10429,9882,475,7444,7706,9689,1244,1290,11992,5962"
18546,18546,"2343,10326,2903,5999,9356,5532,8279,8623,4117,3127"
18579,18579,"2140,854,4277,10326,7983,2822,5199,5999,2905,12665"
18585,18585,"8505,9799,3799,6326,6220,4798,1100,5307,5532,13296"
18595,18595,"6220,9072,8590,2140,1516,4755,544,6640,12085,7197"
18648,18648,"11622,8562,11289,7707,11403,2218,12703,560,5866,8590"
18679,18679,"4602,7346,4491,931,5524,8922,5875,6220,13381,5545"
18683,18683,"1299,12680,11111,11716,7408,2343,13296,6220,3577,560"
18687,18687,"2769,5760,11775,3938,9375,1779,10464,9295,7047,353"
18718,18718,"10429,1863,10802,7892,6018,5976,2327,7707,1290,9942"
18741,18741,"4798,2218,11784,8562,5303,454,1478,6982,607,12665"
18760,18760,"1977,4109,3697,10607,296,12133,12212,5135,11117,11298"
18771,18771,"5545,4277,2990,4974,3428,6326,5698,12094,12665,12675"
18787,18787,"12856,2218,6641,13296,6220,12404,8590,11784,4277,10916"
18788,18788,"8562,13150,851,7900,4277,2140,10916,2380,331,607"
18789,18789,"10476,1210,12874,9380,13353,7259,7882,7900,8562,2218"
18798,18798,"6220,2140,2990,3340,3950,12606,7707,6326,8562,9729"
18800,18800,"9942,6220,2140,2218,11843,2760,10639,1220,12857,13381"
18805,18805,"11622,4602,12793,11751,6982,9968,8922,4798,4323,12425"
18806,18806,"9295,4664,789,13431,9962,11298,13027,2391,10644,11024"
18812,18812,"2218,6971,5545,9901,9203,1598,89,811,4413,16"
18818,18818,"4608,2218,6099,5145,5036,6805,2411,7558,6971,9826"
18830,18830,"560,2218,4974,11843,12990,2140,6805,5731,6971,1776"
18835,18835,"4277,2343,544,4664,4679,10326,1220,9960,1779,11024"
18839,18839,"6971,8053,8590,913,5549,6084,6166,6573,8153,8567"
18851,18851,"6220,7707,5199,4798,10326,2140,8421,5006,12990,7197"
18854,18854,"12404,2218,2755,7623,6971,9799,2156,10241,2140,12680"
18864,18864,"1180,4277,2140,4525,12990,331,4798,851,837,717"
18865,18865,"1156,7707,470,6220,3328,10178,5761,5149,10424,589"
18874,18874,"5603,2140,4575,8590,4277,12636,5303,12085,12857,8421"
18875,18875,"7578,6220,4006,4277,8590,4199,7312,6971,4924,10835"
18879,18879,"10674,7669,4216,12615,420,10687,10102,8629,2957,531"
18882,18882,"10429,5545,4929,775,8590,1863,6220,6971,1027,13296"
18895,18895,"8235,12662,4943,13381,13191,3306,10776,11622,11886,9164"
18903,18903,"9600,8421,64,2218,643,2343,12665,2411,5545,89"
18913,18913,"2140,8421,4974,1634,331,1180,9340,1912,1223,1996"
18934,18934,"10607,1290,11298,1851,4664,544,12497,7120,13101,1334"
18935,18935,"5427,2903,5545,5524,7900,1384,4637,2140,1079,1948"
18981,18981,"5135,11729,560,9115,274,5303,9072,4221,2218,4681"
18985,18985,"1290,354,13309,7283,9170,12497,6220,8421,544,7120"
18987,18987,"296,13101,10336,13309,11626,8567,4387,9962,2916,12497"
18990,18990,"3491,10326,9389,5999,6971,10835,9292,13058,6220,8505"
18996,18996,"7197,6220,7707,12606,13110,6284,10100,8562,9942,11969"
19010,19010,"4277,7197,2411,5642,4798,10916,9340,11843,8590,6220"
19016,19016,"6243,5135,3697,13309,9960,11775,10674,7120,9438,4036"
19018,19018,"9866,4576,5321,1299,2392,1189,5105,2903,4036,12129"
19029,19029,"12857,2140,4798,1478,8562,1912,5199,13381,5642,9729"
19060,19060,"5019,64,13411,89,10963,10663,2343,9826,8590,10147"
19069,19069,"1290,10663,9960,3697,1779,9295,4664,10674,3570,2769"
19084,19084,"10326,4786,2140,8520,6220,12857,2411,1210,4798,6115"
19086,19086,"8590,5135,1290,3427,1220,4277,9960,5303,5142,1244"
19105,19105,"6591,1290,2916,7287,5135,10674,1558,3697,10663,1244"
19110,19110,"11298,10336,1977,296,9962,3697,6811,5075,10607,10648"
19135,19135,"10326,1081,275,2467,5201,5470,10151,4909,9072,350"
19144,19144,"8562,2140,3766,9729,2218,652,13296,9938,4277,992"
19154,19154,"5303,2910,8922,3585,13249,2140,11622,4277,2218,10835"
19168,19168,"7197,6220,4798,9602,4277,10326,1776,3902,1664,811"
19173,19173,"1290,4387,1132,7120,5573,10663,12559,4083,2916,12474"
19187,19187,"1779,9720,4320,9295,7707,2381,3697,589,5014,12067"
19216,19216,"6326,5303,7900,9410,4305,1478,5839,12943,8562,8922"
19227,19227,"5532,4277,11403,2218,10835,6220,6962,10798,8279,9942"
19231,19231,"2140,4798,3870,8562,13296,9410,6220,9799,2380,3340"
19234,19234,"2773,11615,105,7891,9960,3697,8607,12723,8922,5594"
19255,19255,"8235,2218,12026,12858,5303,8922,2140,8590,4798,2265"
19258,19258,"220,5303,2789,3055,8562,10340,12857,12026,2903,607"
19266,19266,"11117,10124,9101,3539,12994,11923,3697,1400,7707,377"
19296,19296,"6834,10326,9580,4117,1100,2140,3909,66,6026,2537"
19297,19297,"5346,10728,8682,9733,2218,11994,8590,10872,7087,12857"
19308,19308,"2218,4189,4602,4266,8235,2903,11403,13381,6220,2380"
19323,19323,"13111,6640,11658,632,6952,7332,7878,881,6011,9924"
19346,19346,"6971,4277,13235,5545,10326,9072,4974,4025,12680,4679"
19347,19347,"6243,7120,2916,8567,296,4929,13101,4387,3697,5573"
19360,19360,"296,1290,8554,7120,9960,5135,6457,789,10607,4929"
19364,19364,"8034,2709,3722,10687,3720,11298,12615,2957,358,10674"
19378,19378,"2140,11080,11784,2789,8922,10240,5875,9968,9799,796"
19379,19379,"9942,3766,6220,13296,2218,6971,11745,1202,2380,5199"
19380,19380,"10795,8707,10422,1295,9625,6302,6220,12654,8562,7705"
19381,19381,"4277,8421,4798,5303,12404,6326,12758,2140,851,9580"
19384,19384,"2218,5303,12857,4277,4974,7707,2411,12286,10326,9799"
19385,19385,"5642,9968,2343,454,2411,9786,12857,10326,12793,4798"
19388,19388,"296,7120,10663,9102,10674,1244,3591,11298,2989,11775"
19406,19406,"6220,7197,4277,3870,4974,1776,13296,12680,331,4798"
19408,19408,"5999,11357,13058,10835,4798,2140,4053,6220,2822,10778"
19415,19415,"1290,10607,4028,7120,11298,10581,789,9295,11775,4576"
19417,19417,"6220,2140,5303,5485,10326,3055,11384,6326,4798,1220"
19434,19434,"2755,4928,7145,484,5582,3733,9525,8274,2719,8473"
19441,19441,"4575,5303,12085,1667,6220,4277,1287,4908,4066,9072"
19461,19461,"4036,9960,11298,1290,10137,2957,8284,7679,9971,1755"
19474,19474,"13381,4946,6220,10835,1746,321,9829,11405,5303,13191"
19477,19477,"7120,7817,5142,10663,296,9962,1290,7623,6971,4929"
19484,19484,"13431,1558,9732,7971,4163,9960,1851,2957,10674,5934"
19502,19502,"7707,10663,6220,5199,6971,4322,7706,7545,2800,2218"
19503,19503,"9791,2343,6220,1619,8562,9404,3558,10326,11667,5303"
19512,19512,"1210,12874,10476,8562,6220,6289,13353,9380,5545,4277"
19515,19515,"5332,11615,2218,10429,5524,8922,9336,1863,11403,6283"
19518,19518,"10648,3697,9295,7120,5135,4613,9962,296,10607,10663"
19530,19530,"5354,7983,9942,7120,538,8922,12606,8454,8562,5524"
19559,19559,"10607,4664,1779,10674,4036,13370,12995,2989,12903,7120"
19576,19576,"8922,8235,2822,7578,5303,7243,6971,7839,3016,9744"
19586,19586,"9721,6641,8590,5485,5532,3055,8405,2343,6971,7707"
19594,19594,"1290,2789,9942,89,8379,4798,12793,7138,7120,6220"
19605,19605,"2327,3487,5229,10663,12249,7707,8323,7679,11581,4048"
19618,19618,"3950,5177,2140,6982,11622,8922,5999,5303,2199,10326"
19620,19620,"11396,2140,4101,5303,2199,1408,4798,10608,3770,5999"
19623,19623,"10736,4277,6971,9340,5524,12990,4911,454,2218,10916"
19628,19628,"9580,8421,4277,4025,11455,6220,6326,3980,4798,2140"
19631,19631,"296,5672,2154,5135,4595,12869,1244,3697,10068,54"
19642,19642,"8505,3870,6220,4602,8922,2218,8562,3950,10326,7024"
19644,19644,"4877,2291,4262,5747,5303,9771,2149,2140,8402,9306"
19648,19648,"10389,1779,10607,11775,353,7369,2957,11024,12497,4576"
19665,19665,"10326,2218,4310,10288,4798,8922,2140,4576,5495,6220"
19683,19683,"2769,87,3464,2251,10009,5105,10441,11771,6082,5786"
19684,19684,"1180,12857,331,9580,11282,10326,5303,1776,2140,1912"
19693,19693,"5545,6391,275,2218,12138,6681,1978,6919,13310,5518"
19696,19696,"5303,10312,4730,4400,7120,1899,286,11403,2140,6023"
19707,19707,"1118,4277,4453,3766,5303,9072,7138,12990,16,7835"
19715,19715,"6220,11590,2218,2411,4946,9459,8607,13249,9600,5545"
19716,19716,"11298,4664,1779,10674,7120,9960,4929,13370,5142,9295"
19729,19729,"6971,8590,12030,4387,12404,10663,1977,13296,12497,6220"
19734,19734,"811,3870,8590,7197,12857,1859,2218,10326,4798,9072"
19758,19758,"3950,2990,10835,10916,5999,13346,9733,8952,9454,2903"
19764,19764,"5303,10835,8575,7707,9473,6220,10027,6751,12793,10326"
19773,19773,"5545,2327,5127,1290,2218,89,8590,2969,11024,4929"
19778,19778,"8562,2172,12779,2140,6220,7707,3950,8421,4413,1978"
19780,19780,"8562,5552,11131,9600,5303,680,4413,7707,89,11019"
19784,19784,"12887,10677,7986,1299,5137,379,6721,7934,177,6610"
19786,19786,"6220,810,2218,4277,331,3870,7197,8562,1180,11843"
19793,19793,"2380,8562,13406,4602,4798,13296,5495,8333,6220,4199"
19798,19798,"9722,10739,7332,162,3854,6935,3193,8235,6952,12665"
19808,19808,"8590,5303,8562,7197,11396,3055,4277,2218,2199,10326"
19812,19812,"6610,10674,8664,7120,9295,296,5594,11775,10663,1779"
19821,19821,"11538,12672,5303,12815,6547,13310,11655,4644,587,2140"
19830,19830,"4036,7120,11945,1290,13309,11298,12729,10607,11775,9185"
19843,19843,"11298,13431,9960,9732,12995,9295,3464,7679,10687,10389"
19867,19867,"1863,7784,1220,13296,11969,10429,9942,5666,2343,285"
19889,19889,"10326,2218,6326,11289,12606,9699,9968,1978,2140,8562"
19893,19893,"7784,7707,1863,6075,7345,13296,2774,5573,10429,4250"
19898,19898,"13309,789,3697,5135,9962,7120,13101,353,2916,6811"
19902,19902,"6640,13111,9296,7332,10743,6952,2936,2204,7275,3563"
19905,19905,"8421,8343,8590,10916,11000,2861,6971,4798,9093,7197"
19910,19910,"9262,5177,11731,5013,8421,2343,11622,4277,4117,10326"
19929,19929,"9072,5495,8707,6220,10422,6331,6302,8071,8922,9625"
19932,19932,"1779,10607,6283,11298,4664,5142,9362,1923,13370,8284"
19952,19952,"6220,8421,12990,4025,1598,7707,7197,3870,6326,4737"
19956,19956,"8421,12404,12636,8189,1287,976,4575,7701,6141,1667"
19987,19987,"11898,9164,851,6971,12857,4232,10916,5214,3055,6418"
20008,20008,"5303,4277,6220,4322,1776,12026,2140,4798,2199,12990"
20018,20018,"9799,2218,1978,5386,5999,5545,10623,3950,4947,6220"
20019,20019,"8071,9058,7383,10670,3539,4576,4001,12665,12067,2140"
20020,20020,"7120,10663,8567,1290,3697,6243,5810,12497,296,789"
20023,20023,"9968,12857,13110,12606,6151,11621,2218,9459,1302,2580"
20031,20031,"13067,6446,13296,3570,4664,11024,9942,10674,9627,11969"
20039,20039,"13296,6220,7707,11103,8562,5545,12396,303,6474,7900"
20040,20040,"1574,10326,8562,8421,2218,7707,6220,4600,11282,8590"
20041,20041,"12474,769,13346,9454,6220,3696,5573,8567,7120,6694"
20045,20045,"6220,11622,4323,5761,4602,3565,6962,13381,9799,4413"
20056,20056,"2218,6220,8607,5545,12497,3280,13296,3697,12606,1977"
20069,20069,"13375,1753,10326,8454,8562,4602,2140,4277,6971,89"
20074,20074,"12034,4644,587,10732,9729,7325,2034,2123,2875,7558"
20083,20083,"7707,6220,1290,8279,4798,5485,2140,1220,13296,1684"
20085,20085,"9295,4036,1779,10607,4576,11298,10674,5135,11775,13431"
20086,20086,"9504,3766,4315,13058,8235,1776,5336,1408,10778,5999"
20089,20089,"2218,3428,9072,5303,6198,13346,454,4277,5482,2990"
20101,20101,"9968,9942,5610,931,9876,10835,2238,8562,1302,8235"
20104,20104,"9375,10974,2732,6011,5760,9893,899,5786,3652,5105"
20112,20112,"3112,13296,10288,5545,64,9356,12494,2903,6220,12934"
20115,20115,"5999,10778,12509,3950,12026,9443,6676,4006,8413,11784"
20133,20133,"789,10644,5135,12762,8650,7120,9878,296,4973,10607"
20136,20136,"4277,6141,2411,4798,2218,2285,5538,2140,7784,13346"
20138,20138,"5135,789,4613,13309,5142,9962,3697,10644,13027,6625"
20162,20162,"331,6220,9514,2158,5303,89,4277,5485,10326,4798"
20176,20176,"12680,2140,5485,4798,8922,2218,13296,331,9668,12026"
20200,20200,"12199,965,51,8590,10482,11089,10326,12995,7933,89"
20222,20222,"2916,8562,6114,89,13381,9470,8235,2218,12578,4943"
20251,20251,"1290,5142,2885,13309,4929,3989,11775,1977,1244,12497"
20256,20256,"5839,9893,1432,851,10063,1478,2238,350,12047,5283"
20264,20264,"12404,810,8562,7202,4277,7707,6220,8421,1220,8590"
20280,20280,"7197,2140,9485,5303,12857,4277,6107,4865,6220,8590"
20286,20286,"9799,12606,296,7120,6220,11103,9938,5866,5495,9229"
20323,20323,"10607,11298,4664,7120,4929,6812,1779,10663,12869,6811"
20324,20324,"7471,5532,8740,8590,296,9962,8554,789,4036,6220"
20336,20336,"8590,11969,2537,5782,3464,3539,12670,544,1779,10607"
20339,20339,"8846,13296,2012,5524,7312,7707,6220,2140,9942,4798"
20344,20344,"8421,6491,3821,9957,12067,8590,2140,1978,9962,12758"
20356,20356,"3260,11537,4798,12606,8562,3254,10607,9264,2164,11969"
20360,20360,"7623,5582,10773,5556,1312,9525,484,3733,5841,2755"
20362,20362,"2343,9072,2537,6220,9132,8608,4388,5545,544,6834"
20376,20376,"5532,2140,11289,6473,6220,8527,5999,6971,12855,1099"
20381,20381,"13296,7545,8235,5495,5532,8281,10429,7802,7024,2218"
20394,20394,"13309,5969,4576,2340,8421,6625,7120,9962,10138,5135"
20397,20397,"6971,699,5573,7120,6243,7792,4798,1290,6220,1220"
20407,20407,"6011,5786,1744,3652,449,3816,5822,6402,9776,9370"
20413,20413,"10607,11298,1779,7362,9962,296,969,1563,8475,7120"
20433,20433,"10607,7120,11298,3697,13309,12903,1290,10336,296,9295"
20448,20448,"2218,6402,9072,7558,2870,1987,9942,6220,10974,8590"
20492,20492,"11843,1691,10420,4262,4315,6220,3115,8166,2990,2140"
20505,20505,"1290,8475,4467,6610,296,12497,7120,353,4929,11298"
20512,20512,"2218,8421,3950,4974,12990,7707,820,851,1220,519"
20514,20514,"7495,8214,3870,2218,8562,9942,3515,7707,4277,10241"
20533,20533,"10326,350,716,152,4277,11010,11775,5434,2136,4974"
20543,20543,"12404,1286,11185,11435,2140,5482,560,5303,11784,5545"
20546,20546,"11010,4974,2140,12404,2767,1912,9580,331,11282,4277"
20557,20557,"4798,9072,8590,7197,1220,5545,10326,89,2411,3428"
20558,20558,"9799,4929,2086,6220,1290,76,2140,11384,12606,4798"
20561,20561,"5303,11622,10027,2411,8562,10040,1249,11384,12781,393"
20566,20566,"10607,11125,54,11298,4036,10389,296,6610,1290,4576"
20573,20573,"9072,8188,13437,4576,6220,13296,8590,10607,2989,544"
20623,20623,"6166,12030,8703,12497,2916,1487,8590,11452,7637,8567"
20627,20627,"8590,10184,9170,13309,1851,1017,1725,2969,5545,2391"
20643,20643,"9799,9668,2291,8421,5303,6971,3149,2140,9190,2169"
20645,20645,"9746,10389,11024,7120,2773,10674,1290,6610,89,6812"
20652,20652,"10950,5177,5642,11843,4974,5303,12793,6220,4277,4798"
20654,20654,"4277,12990,8421,11384,12857,4974,4798,8562,2411,10326"
20667,20667,"7024,13191,5532,11770,8922,6971,1671,8235,10326,5999"
20670,20670,"10778,12594,8235,89,7024,9443,5532,10326,4798,9942"
20671,20671,"8421,2140,5303,7197,4798,8562,8483,12990,8590,7833"
20676,20676,"5303,12857,2411,10795,8590,5532,11289,6141,4798,2140"
20694,20694,"10674,11024,10389,296,9943,2769,3464,8284,8679,13431"
20709,20709,"2140,6220,5303,3545,6971,8922,609,4798,10326,7468"
20716,20716,"10677,1299,7986,177,3789,379,8908,12887,4654,3631"
20739,20739,"13296,10400,2218,4798,7024,2140,2448,9340,5303,5532"
20763,20763,"30,4575,6971,1299,5303,5485,13346,2140,8562,6433"
20779,20779,"10607,9962,11298,10648,1334,3737,6811,789,6625,10336"
20781,20781,"12321,6971,6220,13114,7948,5303,4413,7558,6962,9799"
20790,20790,"7120,10663,9962,4387,10963,1290,10607,2916,789,5135"
20792,20792,"8590,8421,6899,7558,7197,12857,2556,5091,837,6971"
20797,20797,"1681,393,10326,1180,3055,1220,1514,11751,3950,2882"
20811,20811,"6220,1598,5866,7983,9942,3992,3870,89,9443,6982"
20821,20821,"5303,13309,7120,798,544,6220,12869,2216,9962,4929"
20830,20830,"5545,6220,2038,4277,9580,10326,5303,6631,2158,10138"
20861,20861,"2903,6220,4277,2343,5622,9693,11622,8333,11289,4117"
20878,20878,"789,7120,13309,5135,9295,296,9942,4277,11775,2140"
20891,20891,"2033,6220,8590,11908,5524,9799,6693,9083,4414,11403"
20895,20895,"1478,6220,8562,4946,4264,4323,4968,3055,9410,10326"
20901,20901,"8562,4798,13346,2140,13249,3950,9942,8421,9072,5495"
20908,20908,"2140,6220,5555,6371,8562,5485,8590,13296,4277,10835"
20928,20928,"1290,7120,296,8475,3427,2916,10674,5135,9960,8650"
20945,20945,"2541,6952,8830,8607,11272,2732,7478,8562,7679,5822"
20971,20971,"1156,6220,6971,8421,8235,7063,2140,4798,2041,11117"
20979,20979,"9799,2140,13296,12680,331,4277,10326,2882,11282,12990"
20982,20982,"4798,4277,2140,9340,5303,5412,851,4322,2556,6899"
20991,20991,"5303,2199,4277,6326,2140,8562,8421,10721,1776,5549"
20998,20998,"4012,3057,5532,4414,6137,2140,5545,1273,8590,8293"
21006,21006,"11289,5532,2218,4266,3909,10835,8505,9504,4053,8922"
21018,21018,"6971,8161,7578,6515,3515,6520,5642,8472,2140,9668"
21028,21028,"262,1912,9942,6456,6060,2218,89,6220,5303,13381"
21041,21041,"10206,5545,4576,12606,9960,89,4256,11298,9942,9189"
21042,21042,"976,2903,2218,5545,10529,13112,5532,9600,3491,10835"
21064,21064,"7856,6625,9962,296,7120,10663,12762,11298,13309,4552"
21075,21075,"8590,5545,6220,10326,6962,4798,13296,12665,5866,331"
21078,21078,"4865,4332,4798,8590,7120,13346,6971,2218,7983,2506"
21081,21081,"6641,424,8590,2343,7707,2771,6220,11289,2411,9404"
21084,21084,"6220,5545,2218,8922,3950,10835,2140,9968,9454,10326"
21089,21089,"6220,4277,7197,9072,8421,4798,8590,350,1328,2218"
21112,21112,"10607,6971,969,296,1290,7120,6243,6610,10581,89"
21126,21126,"6220,10608,10326,2140,10778,11058,9968,6971,6326,3055"
21129,21129,"9295,7120,10464,1290,9962,3697,11626,2885,11846,13309"
21130,21130,"8584,13296,4266,7057,6220,10835,12665,4576,11029,9799"
21137,21137,"10792,4798,1697,6442,12907,2411,1180,6786,10326,4900"
21149,21149,"1514,1249,11993,10589,2140,10973,13113,4798,10485,12944"
21152,21152,"4277,6220,3143,13296,9271,6371,2411,10326,8590,7558"
21177,21177,"2232,3870,11668,8421,4798,9443,9504,2140,7578,3950"
21191,21191,"2885,12030,4929,7120,10217,610,5190,12474,12497,8302"
21200,21200,"5545,1598,6220,2140,2411,11751,8333,11622,13110,4915"
21204,21204,"2140,7948,7558,8590,1978,12990,4277,2218,13296,6774"
21221,21221,"8922,4698,9799,12321,12331,5303,8590,4924,9555,1746"
21228,21228,"1290,7120,4929,4576,8254,1972,9185,11143,13309,10607"
21249,21249,"837,11010,1220,8421,10658,6220,9938,4974,7197,10916"
21256,21256,"3515,11396,11751,11622,10589,2140,5124,5303,12606,4947"
21261,21261,"2218,9600,8562,6220,8590,1478,331,4413,8108,11000"
21279,21279,"3870,12990,4551,10873,2266,7983,11732,4277,152,10736"
21282,21282,"1290,8590,7120,8922,325,4664,544,10389,1220,7258"
21305,21305,"4277,2411,7197,4798,9340,2140,5642,13346,3870,8590"
21307,21307,"2140,9800,5025,8922,9098,10326,5734,3770,8421,4277"
21315,21315,"10100,10063,4277,8421,10916,5303,4365,220,7120,9229"
21342,21342,"296,11298,1779,10607,11024,7120,1507,5382,9295,1580"
21347,21347,"8412,7224,2799,2426,2140,13381,8235,9729,11289,8562"
21357,21357,"6220,4250,13296,9083,7706,7345,13115,8590,8235,7892"
21358,21358,"4266,5532,5622,12531,10835,2218,11405,3018,5999,1553"
21368,21368,"11117,11846,10607,9962,5135,2838,7120,8302,7758,1779"
21372,21372,"3697,10607,11298,789,9960,9732,8650,10674,4036,11024"
21373,21373,"6780,2218,1220,3509,8562,4946,6220,13381,4924,1210"
21383,21383,"9962,756,3746,789,4664,1779,9295,2885,3539,3697"
21393,21393,"931,6220,89,5545,5563,8235,9600,815,374,5524"
21415,21415,"9295,7120,4467,789,9962,11243,1290,2916,4929,4387"
21421,21421,"4929,296,1290,10663,6243,13101,8567,4387,3697,8922"
21433,21433,"1912,4277,1180,1776,717,9580,11010,3766,10715,560"
21449,21449,"4277,8562,6220,2218,5866,5545,331,8590,7707,13296"
21483,21483,"11384,9707,6220,11000,12857,5545,393,4277,2606,11969"
21488,21488,"8562,5303,8421,9236,12026,11622,3745,6220,11871,4798"
21518,21518,"7196,2989,9459,9365,4413,10607,12631,12683,5545,9942"
21528,21528,"3545,9184,8421,8590,1432,6755,12470,8235,8922,12177"
21536,21536,"5303,6220,8590,9962,1290,11247,1779,4277,8421,8290"
21585,21585,"6971,5303,12944,9942,11994,12663,8922,7723,6166,7948"
21598,21598,"8475,10389,1779,5135,2372,10464,9170,9960,8824,11298"
21602,21602,"6220,10039,3992,3565,11622,4615,4191,9164,13346,8454"
21604,21604,"12111,6971,4798,5303,10608,1478,5495,4277,1017,2218"
21626,21626,"1286,1583,1220,8235,2218,7637,7707,4430,8590,9799"
21636,21636,"8235,6220,2822,8922,2140,2789,914,1220,5485,12584"
21649,21649,"9295,12497,7120,8567,4929,1977,2916,10663,4387,12474"
21650,21650,"6971,8421,2218,22,1400,5524,5303,12859,1978,9962"
21655,21655,"7590,7120,296,1290,10097,789,2916,9962,4929,3697"
21662,21662,"1224,11775,12776,10674,3464,9664,247,9500,2445,7679"
21681,21681,"10674,296,10663,7120,4664,11298,9102,1779,9960,11775"
21686,21686,"4277,8189,1328,5378,6220,12191,8219,7197,1017,5303"
21699,21699,"5875,13003,11029,5524,7261,9799,7948,1978,6220,5095"
21702,21702,"9962,4576,3275,11298,7120,3464,3570,10607,6610,9356"
21709,21709,"4414,5303,1478,11800,13110,3870,13150,5545,4798,2903"
21718,21718,"6220,851,2218,9164,11282,4277,3346,9443,782,12813"
21719,21719,"2140,12857,4277,2218,4974,4798,7197,16,5303,2882"
21724,21724,"6220,8562,2238,2013,2990,12606,7707,9942,2218,8590"
21741,21741,"11298,10137,10389,7679,10607,6610,13431,10997,4664,10687"
21746,21746,"7408,11775,6220,8590,1290,12934,4229,5189,10464,5545"
21751,21751,"658,12876,10913,4962,5545,13110,13381,1440,3055,877"
21754,21754,"8562,4277,851,6220,2218,7558,12359,9968,9580,8590"
21768,21768,"4798,10326,2140,6220,8235,12026,5303,13296,5545,5485"
21775,21775,"11547,5201,5229,10685,12339,4256,2869,8358,8828,6402"
21781,21781,"10389,4664,11298,10674,9500,11024,1290,4576,1972,9971"
21789,21789,"3697,8922,4215,789,10607,6971,286,11775,1891,8284"
21795,21795,"2140,12703,8922,2218,4413,6638,13346,6971,5303,2343"
21812,21812,"3950,13121,6638,5358,5049,1225,8334,10224,5762,8562"
21814,21814,"8590,6433,851,1681,11540,12990,2264,992,1377,8562"
21820,21820,"2140,2380,10500,851,4798,5603,1287,2012,1667,12636"
21827,21827,"4277,8590,9072,6220,2343,5303,5135,10607,331,5025"
21838,21838,"2989,13296,6220,7723,9600,8520,9295,7792,4576,1478"
21855,21855,"2822,6795,10835,2343,5782,2537,9356,4388,9072,1290"
21881,21881,"837,2140,5069,12857,4277,8746,8421,1290,9470,4798"
21884,21884,"6074,6883,3329,8421,2905,11726,1220,1210,1328,2218"
21889,21889,"5135,1290,13101,12497,789,9837,10147,9962,296,12030"
21896,21896,"5196,4798,2218,13223,1323,9340,1912,11871,11384,2140"
21902,21902,"8922,11282,10027,9580,4798,2789,2567,2140,6096,5303"
21916,21916,"4798,6220,1912,811,7197,851,4277,12404,3902,12990"
21927,21927,"4929,11298,296,789,10607,10663,11024,9962,5135,1290"
21938,21938,"2958,1912,331,4551,8126,6654,7462,837,10916,6445"
21948,21948,"4277,1180,7197,10326,8421,8343,6220,11455,10063,331"
21952,21952,"2218,296,1400,2885,1290,1977,8703,10147,4387,7983"
21954,21954,"2343,1210,4414,4191,5803,3057,12665,8590,9693,4798"
21955,21955,"5249,5105,6011,5001,6201,10974,11771,3604,9375,8562"
21978,21978,"7707,12787,8607,12606,12665,4578,5976,8235,6220,1220"
21983,21983,"11969,7306,3527,13330,8590,579,4552,9960,9170,4664"
22004,22004,"1290,6971,4929,296,7120,4277,2916,8567,10326,2140"
22007,22007,"12665,4576,2903,9962,13296,4277,6322,286,12497,13431"
22014,22014,"13102,811,686,9443,3870,2411,13143,8562,10326,3799"
22020,22020,"4388,9799,6220,10835,6805,13296,4277,4974,5199,8421"
22052,22052,"4798,8421,11282,4974,9580,2140,4277,5303,6220,10326"
22056,22056,"1323,2140,2411,2218,9968,9115,6220,10913,4798,12606"
22064,22064,"3515,8985,4974,5177,8562,10326,2091,2172,2206,5545"
22072,22072,"8421,6962,4679,10916,4798,5545,2140,3870,6971,3015"
22074,22074,"6220,8421,2220,11871,4183,4821,12990,851,11843,9580"
22102,22102,"5654,2896,5545,8562,8590,2822,2158,6220,275,4602"
22110,22110,"9938,11384,8421,7197,3314,2218,12665,6717,6220,13346"
22111,22111,"8071,12654,8707,4277,9625,10260,2113,10422,10326,6220"
22119,22119,"6971,4117,6220,2903,9799,735,5199,7586,1290,5303"
22125,22125,"4277,6971,851,454,13381,2218,9580,7138,1598,4413"
22150,22150,"4188,9072,6220,7792,9600,1766,2218,2958,2497,7725"
22151,22151,"7120,4929,3697,9295,10663,296,13101,8567,6243,12497"
22154,22154,"10607,4576,11117,4036,1290,1400,11775,789,9083,12497"
22213,22213,"5545,11837,9942,8279,6041,5303,4602,7707,2038,1478"
22256,22256,"4272,10137,10389,7856,4552,4576,7120,1290,8590,6220"
22258,22258,"6971,9443,9799,8418,4322,4277,5303,6220,8421,8562"
22265,22265,"8590,5545,6638,11751,4183,193,12680,3055,2903,8562"
22279,22279,"6220,3055,10326,2218,8505,7707,13296,3909,4199,8590"
22280,22280,"1848,5105,13383,7763,5822,4399,6402,12189,7250,12024"
22283,22283,"7491,9799,7064,7706,5976,8981,10241,6892,9564,5149"
22286,22286,"3428,5545,7707,12665,11751,10678,4414,6302,1426,11622"
22288,22288,"2228,2140,13296,5839,296,3870,13346,9942,8562,9729"
22321,22321,"10674,11298,3222,10648,11024,2969,4036,9960,5382,9664"
22336,22336,"10792,12820,4414,811,12990,5303,2411,6220,6925,7983"
22344,22344,"2789,5999,3950,8161,8562,1408,10594,10835,8421,9504"
22353,22353,"13111,10974,9375,8270,795,1424,4798,2769,5760,2936"
22356,22356,"9646,6243,4929,12030,2916,12497,6971,10336,13101,8590"
22387,22387,"3950,11384,6220,8421,2140,4277,4322,4798,9404,7197"
22427,22427,"7330,9799,5339,8235,12026,2380,8922,2140,4798,1290"
22428,22428,"10464,1901,1779,11775,9295,2989,10674,3539,13024,6799"
22449,22449,"11298,10607,4664,7120,1290,13370,4036,296,12869,12903"
22452,22452,"5303,10607,13309,7120,2033,296,13296,9668,9340,2218"
22460,22460,"4163,2957,1558,4758,10674,10194,3722,12615,9732,8629"
22467,22467,"10607,7120,11775,9295,8562,3697,882,1977,6971,1132"
22480,22480,"9072,10326,8590,8421,8562,6220,7197,1747,13296,7707"
22481,22481,"4812,6807,5303,8421,2291,4798,2140,8590,11288,12875"
22484,22484,"6925,2380,4623,1220,4430,9799,3870,2218,7948,8922"
22489,22489,"2343,9072,2537,8608,4388,5782,6220,6834,544,9132"
22502,22502,"6322,4576,9960,10663,8590,9942,11775,9500,1576,5135"
22510,22510,"2985,1305,5135,4028,3323,10607,9295,11298,296,2391"
22511,22511,"13377,9083,10071,589,6220,7706,8590,11403,7707,1863"
22514,22514,"5303,2411,2218,12787,8590,8575,2343,13249,4616,4277"
22520,22520,"10322,6133,4387,3697,5675,7120,12030,5573,1132,6971"
22546,22546,"2218,9461,9306,9799,10276,12944,4414,8348,6326,4798"
22551,22551,"4387,9901,1220,8590,1598,13296,9053,9729,6326,11540"
22582,22582,"296,6610,4216,4576,1290,8475,6811,3926,2916,9295"
22595,22595,"4199,9410,9637,931,8803,6220,9942,8922,5524,4413"
22597,22597,"1180,6433,5303,7869,10337,8421,12302,11843,1776,4974"
22605,22605,"258,4277,4798,11010,2218,2140,6095,3963,11726,1220"
22618,22618,"8650,12497,6243,7120,544,9732,8590,4216,789,4277"
22641,22641,"811,1180,8421,8562,4277,7197,4798,331,6220,4974"
22645,22645,"10974,7332,4798,4277,10326,811,2935,2140,9938,6640"
22660,22660,"4277,4798,8421,6220,11000,331,11843,13346,11282,2411"
22666,22666,"2411,3992,11643,2218,13249,5303,9799,454,7172,9459"
22674,22674,"3697,4576,613,10336,10498,296,7120,4929,10147,6628"
22678,22678,"7749,2769,12435,7729,7120,7679,296,12665,9455,4576"
22697,22697,"6840,5142,7120,296,1290,9398,4929,4036,10663,9942"
22698,22698,"4117,2990,10778,8421,3950,2343,2822,8279,3340,6220"
22705,22705,"6220,9,2218,13296,11190,1978,8590,4209,1290,3539"
22710,22710,"4077,8590,6220,2218,9132,13249,13211,2158,10835,9072"
22714,22714,"8235,8922,2990,7024,6982,6220,6971,7707,5549,3055"
22715,22715,"2218,8590,10063,1325,6962,1299,10835,652,13296,1640"
22720,22720,"4798,2140,2670,12793,4277,331,8561,11969,8562,1421"
22734,22734,"9799,2140,9454,4798,6971,5303,8703,6474,7983,13296"
22735,22735,"9799,7723,5303,9128,2380,6925,7707,10998,2958,9262"
22736,22736,"8562,6220,2140,5642,5485,811,1180,4798,5303,8561"
22747,22747,"2411,2343,1299,4798,1978,2218,2140,11403,8421,4277"
22748,22748,"331,8421,10326,6971,10916,12990,5303,4974,9580,10792"
22759,22759,"2343,89,9076,3992,2218,1892,3039,13296,13346,5866"
22761,22761,"6220,6971,9449,12857,9799,8235,8922,13381,8590,13296"
22774,22774,"7241,8562,11184,7707,1220,11969,7825,714,12723,9410"
22783,22783,"11289,3055,2218,10138,8590,1978,6220,11403,8235,8427"
22830,22830,"8590,2218,10326,2537,12670,9693,12858,89,5179,9800"
22831,22831,"11298,296,4929,9962,9746,12497,10607,10648,10674,2339"
22846,22846,"10189,10356,7583,3153,9579,6012,12467,11405,6220,9062"
22850,22850,"7120,1290,5135,10147,4387,12762,6971,12497,10648,4552"
22883,22883,"13296,9799,8562,6220,2380,6962,2238,2343,8681,12099"
22887,22887,"8590,8514,10326,9098,8483,10039,217,2291,10462,6220"
22893,22893,"2218,8562,4277,10326,2140,3000,8421,10063,4798,2172"
22905,22905,"7707,89,296,12606,5545,13296,64,3961,6220,6243"
22923,22923,"6220,331,13296,7558,6971,13346,810,2218,9072,8421"
22956,22956,"4277,1180,4798,10326,3846,10916,2140,11622,12305,10594"
22964,22964,"5303,8590,2218,11048,1220,6971,2140,4798,3766,4449"
22972,22972,"9960,2957,10674,13431,4216,1851,1558,10389,4163,7669"
22985,22985,"9799,328,9203,9454,3326,5545,8413,12632,13296,5174"
23011,23011,"4277,1180,4798,7197,10326,2411,8421,12990,12857,5404"
23027,23027,"2218,2989,1779,7707,10607,11555,1522,1767,1879,2870"
23036,23036,"8412,7224,2799,2426,9729,89,13381,5545,7120,8235"
23038,23038,"7707,8562,9942,6751,1225,6220,4413,11843,8421,6270"
23046,23046,"13375,1753,5545,10326,4664,11771,10607,4277,2140,89"
23051,23051,"4414,2218,3766,331,2285,11384,4798,2343,2461,10326"
23057,23057,"11559,10974,7517,5760,7982,11956,2936,9375,4465,1521"
23062,23062,"1558,10674,2957,4163,12615,2709,10194,5934,4218,9732"
23069,23069,"8235,2411,12990,13346,8421,6220,3870,2140,811,12857"
23078,23078,"2327,2343,5524,8922,1571,13191,11426,6220,5622,8607"
23113,23113,"2140,5999,811,8562,10326,6515,8421,8590,13346,331"
23121,23121,"4798,8922,2140,11396,7707,1481,311,8161,12606,9880"
23123,23123,"8562,10916,8421,11000,6220,10326,7900,1299,4277,7197"
23136,23136,"12704,9127,10288,11288,2140,13346,8922,8590,4924,6982"
23138,23138,"8562,6220,8421,3340,2140,7707,9942,4798,4413,5524"
23140,23140,"7707,10608,13296,4798,5524,7715,2546,5303,9799,9942"
23170,23170,"8421,1180,4798,4974,4277,331,9580,1776,10326,10594"
23173,23173,"1779,789,7120,10607,5142,4664,5135,6243,11243,9295"
23179,23179,"2140,6220,352,8562,12635,9072,8421,12787,5538,8590"
23196,23196,"8562,3950,12793,13346,4277,11000,1220,2218,855,5358"
23199,23199,"8853,3683,8590,10835,9653,12531,7652,6641,9404,4266"
23216,23216,"5386,10326,1290,4798,8590,6971,7283,8293,2140,2291"
23226,23226,"3506,2140,4798,9306,10506,5819,8421,9537,8590,5303"
23233,23233,"6220,8421,7707,1328,4277,9072,10916,3950,13346,2140"
23253,23253,"10835,11622,1978,2343,2140,5485,8590,11886,5532,3055"
23281,23281,"3275,8910,734,3766,1118,4277,12961,5866,3998,6812"
